scenario,region,resource,subresource,1990,2005,2010,2015,2020,2025,2030,2035,2040,2045,2050,2055,2060,2065,2070,2075,2080,2085,2090,2095,2100,Units
"Reference,date=2024-30-4T11:58:23-04:00",USA,ArkWhtRedR_water withdrawals,groundwater grade hist,0,3.2675,3.21885,4.35053,1.92919,0,0,0,0,0,0,0,0,0,0,0,0,0,0,0,0,km^3
"Reference,date=2024-30-4T11:58:23-04:00",USA,ArkWhtRedR_water withdrawals,groundwater grade1,0,0,0,0,0.0766224,0.130196,0.00868394,0,0,0,0,0,0,0,0,0,0,0,0,0,0,km^3
"Reference,date=2024-30-4T11:58:23-04:00",USA,ArkWhtRedR_water withdrawals,groundwater grade10,0,0,0,0,0,0,0,0,0,0.282242,0.372521,0.440853,0.473482,0.500174,0.495711,0.471784,0.517478,0.491556,0.474219,0.525719,0.466379,km^3
"Reference,date=2024-30-4T11:58:23-04:00",USA,ArkWhtRedR_water withdrawals,groundwater grade11,0,0,0,0,0,0,0,0,0,0,0,0,0,0,0,0,0,0,0,0,0,km^3
"Reference,date=2024-30-4T11:58:23-04:00",USA,ArkWhtRedR_water withdrawals,groundwater grade12,0,0,0,0,0,0,0,0,0,0,0,0,0,0,0,0,0,0,0,0,0,km^3
"Reference,date=2024-30-4T11:58:23-04:00",USA,ArkWhtRedR_water withdrawals,groundwater grade13,0,0,0,0,0,0,0,0,0,0,0,0,0,0,0,0,0,0,0,0,0,km^3
"Reference,date=2024-30-4T11:58:23-04:00",USA,ArkWhtRedR_water withdrawals,groundwater grade14,0,0,0,0,0,0,0,0,0,0,0,0,0,0,0,0,0,0,0,0,0,km^3
"Reference,date=2024-30-4T11:58:23-04:00",USA,ArkWhtRedR_water withdrawals,groundwater grade15,0,0,0,0,0,0,0,0,0,0,0,0,0,0,0,0,0,0,0,0,0,km^3
"Reference,date=2024-30-4T11:58:23-04:00",USA,ArkWhtRedR_water withdrawals,groundwater grade16,0,0,0,0,0,0,0,0,0,0,0,0,0,0,0,0,0,0,0,0,0,km^3
"Reference,date=2024-30-4T11:58:23-04:00",USA,ArkWhtRedR_water withdrawals,groundwater grade17,0,0,0,0,0,0,0,0,0,0,0,0,0,0,0,0,0,0,0,0,0,km^3
"Reference,date=2024-30-4T11:58:23-04:00",USA,ArkWhtRedR_water withdrawals,groundwater grade18,0,0,0,0,0,0,0,0,0,0,0,0,0,0,0,0,0,0,0,0,0,km^3
"Reference,date=2024-30-4T11:58:23-04:00",USA,ArkWhtRedR_water withdrawals,groundwater grade19,0,0,0,0,0,0,0,0,0,0,0,0,0,0,0,0,0,0,0,0,0,km^3
"Reference,date=2024-30-4T11:58:23-04:00",USA,ArkWhtRedR_water withdrawals,groundwater grade2,0,0,0,0,0.892061,1.51568,0.898982,0.832371,0.610913,0.761715,0.249756,0,0,0,0,0,0,0,0,0,0,km^3
"Reference,date=2024-30-4T11:58:23-04:00",USA,ArkWhtRedR_water withdrawals,groundwater grade20,0,0,0,0,0,0,0,0,0,0,0,0,0,0,0,0,0,0,0,0,0,km^3
"Reference,date=2024-30-4T11:58:23-04:00",USA,ArkWhtRedR_water withdrawals,groundwater grade3,0,0,0,0,0,1.16948,0.98194,0.891093,0.653632,0.80175,0.933067,1.09701,1.16888,1.24246,1.22784,1.1465,0,0,0,0,0,km^3
"Reference,date=2024-30-4T11:58:23-04:00",USA,ArkWhtRedR_water withdrawals,groundwater grade4,0,0,0,0,0,0.137918,1.25321,1.12436,0.824462,1.00166,1.15614,1.36674,1.46598,1.5502,1.53565,1.46201,1.60437,1.52453,1.29736,0,0,km^3
"Reference,date=2024-30-4T11:58:23-04:00",USA,ArkWhtRedR_water withdrawals,groundwater grade5,0,0,0,0,0,0,0,0.393395,0.689509,0.834435,0.959856,1.13727,1.22318,1.2907,1.27984,1.21762,1.33487,1.26752,1.22267,1.3547,1.20048,km^3
"Reference,date=2024-30-4T11:58:23-04:00",USA,ArkWhtRedR_water withdrawals,groundwater grade6,0,0,0,0,0,0,0,0.0715846,0.893842,1.07934,1.23917,1.4701,1.58359,1.669,1.65589,1.57475,1.72543,1.63771,1.57955,1.74907,1.54811,km^3
"Reference,date=2024-30-4T11:58:23-04:00",USA,ArkWhtRedR_water withdrawals,groundwater grade7,0,0,0,0,0,0,0,0,0.308042,0.717986,0.821774,0.976921,1.05492,1.10969,1.10195,1.04729,1.14649,1.08749,1.04865,1.16008,1.02484,km^3
"Reference,date=2024-30-4T11:58:23-04:00",USA,ArkWhtRedR_water withdrawals,groundwater grade8,0,0,0,0,0,0,0,0,0,0,0.636466,0.87103,0.940619,0.989422,0.982534,0.933789,1.02222,0.969599,0.934967,1.0343,0.913685,km^3
"Reference,date=2024-30-4T11:58:23-04:00",USA,ArkWhtRedR_water withdrawals,groundwater grade9,0,0,0,0,0,0,0,0,0,0.184838,0.638803,0.7578,0.81624,0.860314,0.853529,0.811725,0.889418,0.844217,0.814242,0.901656,0.798105,km^3
"Reference,date=2024-30-4T11:58:23-04:00",USA,ArkWhtRedR_water withdrawals,runoff,19.8558,21.2261,21.3093,21.4218,23.2515,23.7335,23.9533,24.1772,24.3419,24.562,24.8363,25.1447,25.455,25.8001,26.1341,26.4575,26.8203,27.1708,27.5106,27.8964,28.2544,km^3
"Reference,date=2024-30-4T11:58:23-04:00",USA,California_water withdrawals,groundwater grade hist,0,3.29912,4.77406,5.64299,1.26895,0,0,0,0,0,0,0,0,0,0,0,0,0,0,0,0,km^3
"Reference,date=2024-30-4T11:58:23-04:00",USA,California_water withdrawals,groundwater grade10,0,0,0,0,0,0.128353,0.343684,0.375166,0.445673,0.560276,0.666365,0.713648,0.88429,1.1462,1.43695,1.96552,0.357873,0,0,0,0,km^3
"Reference,date=2024-30-4T11:58:23-04:00",USA,California_water withdrawals,groundwater grade11,0,0,0,0,0,0.235246,0.267298,0.293831,0.35011,0.441176,0.525719,0.562237,0.695855,0.903257,1.13237,1.54988,0.960446,0,0,0,0,km^3
"Reference,date=2024-30-4T11:58:23-04:00",USA,California_water withdrawals,groundwater grade12,0,0,0,0,0,0,0.0394724,0.178185,0.211369,0.265425,0.315396,0.338,0.419054,0.542794,0.680487,0.930521,1.15257,0.463193,0,0,0,km^3
"Reference,date=2024-30-4T11:58:23-04:00",USA,California_water withdrawals,groundwater grade13,0,0,0,0,0,0,0,0.0846478,0.200379,0.250652,0.296896,0.318913,0.396159,0.511911,0.641783,0.876682,1.08533,0.941526,0.409829,0,0,km^3
"Reference,date=2024-30-4T11:58:23-04:00",USA,California_water withdrawals,groundwater grade14,0,0,0,0,0,0,0.120365,0.197721,0.235162,0.29591,0.352209,0.376991,0.466916,0.605553,0.75916,1.03867,1.28687,1.11666,0.788354,0.479431,0.192956,km^3
"Reference,date=2024-30-4T11:58:23-04:00",USA,California_water withdrawals,groundwater grade15,0,0,0,0,0,0,0.0116904,0.203946,0.242738,0.305613,0.363922,0.3894,0.482151,0.625526,0.784197,1.07308,1.3296,1.15377,0.814533,0.495363,0.199462,km^3
"Reference,date=2024-30-4T11:58:23-04:00",USA,California_water withdrawals,groundwater grade16,0,0,0,0,0,0.0336432,0.06537,0.0723154,0.0864006,0.109103,0.130232,0.139105,0.171984,0.223533,0.28023,0.383764,0.475683,0.412833,0.29141,0.177246,0.071548,km^3
"Reference,date=2024-30-4T11:58:23-04:00",USA,California_water withdrawals,groundwater grade17,0,0,0,0,0,0.0388515,0.0614507,0.0680917,0.0814112,0.102858,0.122831,0.131159,0.162116,0.210776,0.264237,0.361915,0.448632,0.389365,0.274838,0.16717,0.0675113,km^3
"Reference,date=2024-30-4T11:58:23-04:00",USA,California_water withdrawals,groundwater grade18,0,0,0,0,0,0,0.00067761,0.0280777,0.0334916,0.0422383,0.0503666,0.0538386,0.0666058,0.0865023,0.108443,0.14846,0.183989,0.15967,0.112714,0.0685529,0.027643,km^3
"Reference,date=2024-30-4T11:58:23-04:00",USA,California_water withdrawals,groundwater grade2,0,0,0,0,0.064326,0,0,0,0,0,0,0,0,0,0,0,0,0,0,0,0,km^3
"Reference,date=2024-30-4T11:58:23-04:00",USA,California_water withdrawals,groundwater grade3,0,0,0,0,0.284486,0.118559,0.0397198,0,0,0,0,0,0,0,0,0,0,0,0,0,0,km^3
"Reference,date=2024-30-4T11:58:23-04:00",USA,California_water withdrawals,groundwater grade4,0,0,0,0,0.859564,0.729499,0.693352,0.770022,0.921532,0.617983,0,0,0,0,0,0,0,0,0,0,0,km^3
"Reference,date=2024-30-4T11:58:23-04:00",USA,California_water withdrawals,groundwater grade5,0,0,0,0,0.787471,1.34247,1.30545,1.43701,1.71326,2.15988,2.57474,2.75284,0.431631,0,0,0,0,0,0,0,0,km^3
"Reference,date=2024-30-4T11:58:23-04:00",USA,California_water withdrawals,groundwater grade6,0,0,0,0,0.170497,1.61115,1.58648,1.73798,2.0678,2.60265,3.0985,3.31599,3.0022,0,0,0,0,0,0,0,0,km^3
"Reference,date=2024-30-4T11:58:23-04:00",USA,California_water withdrawals,groundwater grade7,0,0,0,0,0,0.931322,1.22172,1.33223,1.58187,1.98793,2.36366,2.53191,3.13789,3.53818,0,0,0,0,0,0,0,km^3
"Reference,date=2024-30-4T11:58:23-04:00",USA,California_water withdrawals,groundwater grade8,0,0,0,0,0,0,0.797289,1.05454,1.24637,1.56065,1.85011,1.98611,2.46593,3.18843,3.45896,0,0,0,0,0,0,km^3
"Reference,date=2024-30-4T11:58:23-04:00",USA,California_water withdrawals,groundwater grade9,0,0,0,0,0,0,0.491731,0.755079,0.891806,1.11606,1.32246,1.42014,1.76372,2.2797,2.85806,1.91692,0,0,0,0,0,km^3
"Reference,date=2024-30-4T11:58:23-04:00",USA,California_water withdrawals,runoff,28.5203,31.7943,31.8565,31.9301,33.7557,34.0389,34.2476,34.5056,34.8276,35.2478,35.7623,36.3017,36.9581,37.8281,38.7262,39.2468,39.8946,40.4577,40.8546,41.0964,41.1965,km^3
"Reference,date=2024-30-4T11:58:23-04:00",USA,Caribbean_water withdrawals,groundwater grade10,0,0,0,0,0,0,0,0,0,0.0315125,0.035716,0.0350502,0.0340251,0.0351796,0.0348111,0.0309163,0.0278632,0.0235565,0.0210064,0.0177736,0.0129604,km^3
"Reference,date=2024-30-4T11:58:23-04:00",USA,Caribbean_water withdrawals,groundwater grade11,0,0,0,0,0,0,0,0,0,0,0,0.00542955,0.00882726,0.00905773,0.00899667,0.00797712,0.00717897,0.0060556,0.00539784,0.00454545,0.0032524,km^3
"Reference,date=2024-30-4T11:58:23-04:00",USA,Caribbean_water withdrawals,groundwater grade12,0,0,0,0,0,0,0,0,0,0,0,0,0,0,0,0,0,0,0.00282887,0.00366253,0.00236453,km^3
"Reference,date=2024-30-4T11:58:23-04:00",USA,Caribbean_water withdrawals,groundwater grade13,0,0,0,0,0,0,0,0,0,0,0,0,0,0,0,0,0,0,0,0,0.00619486,km^3
"Reference,date=2024-30-4T11:58:23-04:00",USA,Caribbean_water withdrawals,groundwater grade14,0,0,0,0,0,0,0,0,0.00987825,0.00827647,0.00717742,0.00693772,0.00659139,0.00691593,0.00679408,0.00605284,0.00547029,0.00464488,0.00414524,0.003539,0.00267138,km^3
"Reference,date=2024-30-4T11:58:23-04:00",USA,Caribbean_water withdrawals,groundwater grade15,0,0,0,0,0,0,0,0,0,0,0,0,0,0,0,0,0,0,0,0,0,km^3
"Reference,date=2024-30-4T11:58:23-04:00",USA,Caribbean_water withdrawals,groundwater grade16,0,0,0,0,0,0,0,0,0,0,0,0,0,0,0,0,0,0,0,0,0,km^3
"Reference,date=2024-30-4T11:58:23-04:00",USA,Caribbean_water withdrawals,groundwater grade17,0,0,0,0,0,0,0,0,0,0,0,0,0,0,0,0,0,0,0,0,0,km^3
"Reference,date=2024-30-4T11:58:23-04:00",USA,Caribbean_water withdrawals,groundwater grade3,0,0,0,0,0,0,0,0.00064,0,0,0,0,0,0,0,0,0,0,0,0,0,km^3
"Reference,date=2024-30-4T11:58:23-04:00",USA,Caribbean_water withdrawals,groundwater grade4,0,0,0,0,0,0,0.00147253,0.00912043,0.0110095,0.00882243,0.00446911,0,0,0,0,0,0,0,0,0,0,km^3
"Reference,date=2024-30-4T11:58:23-04:00",USA,Caribbean_water withdrawals,groundwater grade5,0,0,0,0,0,0,0,0.0145307,0.0230035,0.0184167,0.0161273,0.000525777,0,0,0,0,0,0,0,0,0,km^3
"Reference,date=2024-30-4T11:58:23-04:00",USA,Caribbean_water withdrawals,groundwater grade6,0,0,0,0,0,0,0,0,0,0,0.0606527,0.0347173,0,0,0,0,0,0,0,0,0,km^3
"Reference,date=2024-30-4T11:58:23-04:00",USA,Caribbean_water withdrawals,groundwater grade7,0,0,0,0,0,0,0,0,0,0,0.00230125,0.00436894,0.00417702,0.00436387,0.00429606,0.00382386,0.00345303,0.0029283,0.00261273,0.00222482,0.00166291,km^3
"Reference,date=2024-30-4T11:58:23-04:00",USA,Caribbean_water withdrawals,groundwater grade8,0,0,0,0,0,0,0,0,0.011198,0.0223403,0.0192246,0.0187599,0.0180673,0.0187816,0.0185352,0.0164804,0.0148682,0.0125903,0.0112305,0.009534,0.00704324,km^3
"Reference,date=2024-30-4T11:58:23-04:00",USA,Caribbean_water withdrawals,groundwater grade9,0,0,0,0,0,0,0,0,0.0124169,0.0220371,0.0189709,0.0185036,0.0178086,0.0185211,0.0182741,0.0162498,0.0146614,0.0124168,0.011076,0.0094055,0.00695581,km^3
"Reference,date=2024-30-4T11:58:23-04:00",USA,FraserR_water withdrawals,groundwater grade10,0,0,0,0,0,0,0,0,0,0,0,0,0,0,0,0,0,0,0,0,0,km^3
"Reference,date=2024-30-4T11:58:23-04:00",USA,FraserR_water withdrawals,groundwater grade11,0,0,0,0,0,0,0,0,0,0,0,0,0,0,0,0,0,0,0,0,0,km^3
"Reference,date=2024-30-4T11:58:23-04:00",USA,FraserR_water withdrawals,groundwater grade12,0,0,0,0,0,0,0,0,0,0,0,0,0,0,0,0,0,0,0,0,0,km^3
"Reference,date=2024-30-4T11:58:23-04:00",USA,FraserR_water withdrawals,groundwater grade13,0,0,0,0,0,0,0,0,0,0,0,0,0,0,0,0,0,0,0,0,0,km^3
"Reference,date=2024-30-4T11:58:23-04:00",USA,FraserR_water withdrawals,groundwater grade14,0,0,0,0,0,0,0,0,0,0,0,0,0,0,0,0,0,0,0,0,0,km^3
"Reference,date=2024-30-4T11:58:23-04:00",USA,FraserR_water withdrawals,groundwater grade15,0,0,0,0,0,0,0,0,0,0,0,0,0,0,0,0,0,0,0,0,0,km^3
"Reference,date=2024-30-4T11:58:23-04:00",USA,FraserR_water withdrawals,groundwater grade16,0,0,0,0,0,0,0,0,0,0,0,0,0,0,0,0,0,0,0,0,0,km^3
"Reference,date=2024-30-4T11:58:23-04:00",USA,GreatBasin_water withdrawals,groundwater grade10,0,0,0,0,0,0,0,0,0,0,0,0,0,0,0,0,0,0,0,0,0,km^3
"Reference,date=2024-30-4T11:58:23-04:00",USA,GreatBasin_water withdrawals,groundwater grade11,0,0,0,0,0,0,0,0,0,0,0,0,0,0,0,0,0,0,0,0,0,km^3
"Reference,date=2024-30-4T11:58:23-04:00",USA,GreatBasin_water withdrawals,groundwater grade12,0,0,0,0,0,0,0,0,0,0,0,0,0,0,0,0,0,0,0,0,0,km^3
"Reference,date=2024-30-4T11:58:23-04:00",USA,GreatBasin_water withdrawals,groundwater grade13,0,0,0,0,0,0,0,0,0,0,0,0,0,0,0,0,0,0,0,0,0,km^3
"Reference,date=2024-30-4T11:58:23-04:00",USA,GreatBasin_water withdrawals,groundwater grade14,0,0,0,0,0,0,0,0,0,0,0,0,0,0,0,0,0,0,0,0,0,km^3
"Reference,date=2024-30-4T11:58:23-04:00",USA,GreatBasin_water withdrawals,groundwater grade15,0,0,0,0,0,0,0,0,0,0,0,0,0,0,0,0,0,0,0,0,0,km^3
"Reference,date=2024-30-4T11:58:23-04:00",USA,GreatBasin_water withdrawals,groundwater grade16,0,0,0,0,0,0,0,0,0,0,0,0,0,0,0,0,0,0,0,0,0,km^3
"Reference,date=2024-30-4T11:58:23-04:00",USA,GreatBasin_water withdrawals,groundwater grade17,0,0,0,0,0,0,0,0,0,0,0,0,0,0,0,0,0,0,0,0,0,km^3
"Reference,date=2024-30-4T11:58:23-04:00",USA,GreatBasin_water withdrawals,groundwater grade18,0,0,0,0,0,0,0,0,0,0,0,0,0,0,0,0,0,0,0,0,0,km^3
"Reference,date=2024-30-4T11:58:23-04:00",USA,GreatBasin_water withdrawals,groundwater grade19,0,0,0,0,0,0,0,0,0,0,0,0,0,0,0,0,0,0,0,0,0,km^3
"Reference,date=2024-30-4T11:58:23-04:00",USA,GreatBasin_water withdrawals,groundwater grade2,0,0,0,0,0,0,0,0,0,0,0,0,0,0,0,0,0,0,0,0,0,km^3
"Reference,date=2024-30-4T11:58:23-04:00",USA,GreatBasin_water withdrawals,groundwater grade20,0,0,0,0,0,0,0,0,0,0,0,0,0,0,0,0,0,0,0,0,0,km^3
"Reference,date=2024-30-4T11:58:23-04:00",USA,GreatBasin_water withdrawals,groundwater grade3,0,0,0,0,0,0,0,0,0,0,0,0,0,0,0,0,0,0,0,0,0,km^3
"Reference,date=2024-30-4T11:58:23-04:00",USA,GreatBasin_water withdrawals,groundwater grade4,0,0,0,0,0,0,0,0,0,0,0,0,0,0,0,0,0,0,0,0,0,km^3
"Reference,date=2024-30-4T11:58:23-04:00",USA,GreatBasin_water withdrawals,groundwater grade5,0,0,0,0,0,0,0,0,0,0,0,0,0,0,0,0,0,0,0,0,0,km^3
"Reference,date=2024-30-4T11:58:23-04:00",USA,GreatBasin_water withdrawals,groundwater grade6,0,0,0,0,0,0,0,0,0,0,0,0,0,0,0,0,0,0,0,0,0,km^3
"Reference,date=2024-30-4T11:58:23-04:00",USA,GreatBasin_water withdrawals,groundwater grade7,0,0,0,0,0,0,0,0,0,0,0,0,0,0,0,0,0,0,0,0,0,km^3
"Reference,date=2024-30-4T11:58:23-04:00",USA,GreatBasin_water withdrawals,groundwater grade8,0,0,0,0,0,0,0,0,0,0,0,0,0,0,0,0,0,0,0,0,0,km^3
"Reference,date=2024-30-4T11:58:23-04:00",USA,GreatBasin_water withdrawals,groundwater grade9,0,0,0,0,0,0,0,0,0,0,0,0,0,0,0,0,0,0,0,0,0,km^3
"Reference,date=2024-30-4T11:58:23-04:00",USA,GreatBasin_water withdrawals,runoff,2.6121,2.69023,2.59895,2.48067,2.58252,2.69259,2.80968,2.93079,3.06752,3.25002,3.42328,3.57679,3.69297,3.79312,3.85373,3.88369,3.89945,3.90347,3.89677,3.87722,3.83958,km^3
"Reference,date=2024-30-4T11:58:23-04:00",USA,GreatLakes_water withdrawals,groundwater grade10,0,0,0,0,0,0,0,0,0,0,0,0,0,0,0,0,0,0,0,0,0,km^3
"Reference,date=2024-30-4T11:58:23-04:00",USA,GreatLakes_water withdrawals,groundwater grade11,0,0,0,0,0,0,0,0,0,0,0,0,0,0,0,0,0,0,0,0,0,km^3
"Reference,date=2024-30-4T11:58:23-04:00",USA,GreatLakes_water withdrawals,groundwater grade12,0,0,0,0,0,0,0,0,0,0,0,0,0,0,0,0,0,0,0,0,0,km^3
"Reference,date=2024-30-4T11:58:23-04:00",USA,GreatLakes_water withdrawals,groundwater grade13,0,0,0,0,0,0,0,0,0,0,0,0,0,0,0,0,0,0,0,0,0,km^3
"Reference,date=2024-30-4T11:58:23-04:00",USA,GreatLakes_water withdrawals,groundwater grade14,0,0,0,0,0,0,0,0,0,0,0,0,0,0,0,0,0,0,0,0,0,km^3
"Reference,date=2024-30-4T11:58:23-04:00",USA,GreatLakes_water withdrawals,groundwater grade15,0,0,0,0,0,0,0,0,0,0,0,0,0,0,0,0,0,0,0,0,0,km^3
"Reference,date=2024-30-4T11:58:23-04:00",USA,GreatLakes_water withdrawals,groundwater grade16,0,0,0,0,0,0,0,0,0,0,0,0,0,0,0,0,0,0,0,0,0,km^3
"Reference,date=2024-30-4T11:58:23-04:00",USA,GreatLakes_water withdrawals,groundwater grade17,0,0,0,0,0,0,0,0,0,0,0,0,0,0,0,0,0,0,0,0,0,km^3
"Reference,date=2024-30-4T11:58:23-04:00",USA,GreatLakes_water withdrawals,groundwater grade18,0,0,0,0,0,0,0,0,0,0,0,0,0,0,0,0,0,0,0,0,0,km^3
"Reference,date=2024-30-4T11:58:23-04:00",USA,GreatLakes_water withdrawals,groundwater grade19,0,0,0,0,0,0,0,0,0,0,0,0,0,0,0,0,0,0,0,0,0,km^3
"Reference,date=2024-30-4T11:58:23-04:00",USA,GreatLakes_water withdrawals,groundwater grade20,0,0,0,0,0,0,0,0,0,0,0,0,0,0,0,0,0,0,0,0,0,km^3
"Reference,date=2024-30-4T11:58:23-04:00",USA,GreatLakes_water withdrawals,groundwater grade3,0,0,0,0,0,0,0,0,0,0,0,0,0,0,0,0,0,0,0,0,0,km^3
"Reference,date=2024-30-4T11:58:23-04:00",USA,GreatLakes_water withdrawals,groundwater grade4,0,0,0,0,0,0,0,0,0,0,0,0,0,0,0,0,0,0,0,0,0,km^3
"Reference,date=2024-30-4T11:58:23-04:00",USA,GreatLakes_water withdrawals,groundwater grade5,0,0,0,0,0,0,0,0,0,0,0,0,0,0,0,0,0,0,0,0,0,km^3
"Reference,date=2024-30-4T11:58:23-04:00",USA,GreatLakes_water withdrawals,groundwater grade6,0,0,0,0,0,0,0,0,0,0,0,0,0,0,0,0,0,0,0,0,0,km^3
"Reference,date=2024-30-4T11:58:23-04:00",USA,GreatLakes_water withdrawals,groundwater grade7,0,0,0,0,0,0,0,0,0,0,0,0,0,0,0,0,0,0,0,0,0,km^3
"Reference,date=2024-30-4T11:58:23-04:00",USA,GreatLakes_water withdrawals,groundwater grade8,0,0,0,0,0,0,0,0,0,0,0,0,0,0,0,0,0,0,0,0,0,km^3
"Reference,date=2024-30-4T11:58:23-04:00",USA,GreatLakes_water withdrawals,groundwater grade9,0,0,0,0,0,0,0,0,0,0,0,0,0,0,0,0,0,0,0,0,0,km^3
"Reference,date=2024-30-4T11:58:23-04:00",USA,Hawaii_water withdrawals,runoff,0.414665,0.446248,0.420936,0.401279,0.414905,0.426833,0.44112,0.452804,0.462655,0.469932,0.475436,0.481386,0.488265,0.494891,0.500158,0.503369,0.504978,0.505373,0.505079,0.503948,0.501657,km^3
"Reference,date=2024-30-4T11:58:23-04:00",USA,MexCstNW_water withdrawals,groundwater grade10,0,0,0,0,0,0,0,0,0,0,0,0,0,0,0,0,0,0,0,0,0,km^3
"Reference,date=2024-30-4T11:58:23-04:00",USA,MexCstNW_water withdrawals,groundwater grade5,0,0,0,0,0,0,0,0,0,0,0,0.0100638,0.0339928,0.0350977,0.0306057,0,0,0,0,0,0,km^3
"Reference,date=2024-30-4T11:58:23-04:00",USA,MexCstNW_water withdrawals,groundwater grade6,0,0,0,0,0,0,0,0,0,0,0,0,0.0302553,0.0676079,0.0670479,0.0635677,0.0637193,0.0875408,0.084756,0.0869992,0,km^3
"Reference,date=2024-30-4T11:58:23-04:00",USA,MexCstNW_water withdrawals,groundwater grade7,0,0,0,0,0,0,0,0,0,0,0,0,0.0420578,0.11173,0.110829,0.10506,0.105294,0.144609,0.140004,0.155874,0.039512,km^3
"Reference,date=2024-30-4T11:58:23-04:00",USA,MexCstNW_water withdrawals,groundwater grade8,0,0,0,0,0,0,0,0,0,0,0,0,0,0.0129646,0.0603029,0.0571751,0.0573139,0.0787477,0.0762434,0.0849052,0.0487292,km^3
"Reference,date=2024-30-4T11:58:23-04:00",USA,MexCstNW_water withdrawals,groundwater grade9,0,0,0,0,0,0,0,0,0,0,0,0,0,0,0,0,0,0,0,0,0.0343094,km^3
"Reference,date=2024-30-4T11:58:23-04:00",USA,MissouriR_water withdrawals,groundwater grade hist,0,0,0,1.98643,0.633691,0,0,0,0,0,0,0,0,0,0,0,0,0,0,0,0,km^3
"Reference,date=2024-30-4T11:58:23-04:00",USA,MissouriR_water withdrawals,groundwater grade1,0,0,0,0,0,0.150211,0.0318914,0,0,0,0,0,0,0,0,0,0,0,0,0,0,km^3
"Reference,date=2024-30-4T11:58:23-04:00",USA,MissouriR_water withdrawals,groundwater grade10,0,0,0,0,0,0,0,0,0,0,0,0,0,0,0.28612,0.55098,0.600446,0.633439,0.624328,0.578789,0.621206,km^3
"Reference,date=2024-30-4T11:58:23-04:00",USA,MissouriR_water withdrawals,groundwater grade11,0,0,0,0,0,0,0,0,0,0,0,0,0,0,0,0,0,0,0,0,0,km^3
"Reference,date=2024-30-4T11:58:23-04:00",USA,MissouriR_water withdrawals,groundwater grade12,0,0,0,0,0,0,0,0,0,0,0,0,0,0,0,0,0,0,0,0,0,km^3
"Reference,date=2024-30-4T11:58:23-04:00",USA,MissouriR_water withdrawals,groundwater grade13,0,0,0,0,0,0,0,0,0,0,0,0,0,0,0,0,0,0,0,0,0,km^3
"Reference,date=2024-30-4T11:58:23-04:00",USA,MissouriR_water withdrawals,groundwater grade14,0,0,0,0,0,0,0,0,0,0,0,0,0,0,0,0,0,0,0,0,0,km^3
"Reference,date=2024-30-4T11:58:23-04:00",USA,MissouriR_water withdrawals,groundwater grade15,0,0,0,0,0,0,0,0,0,0,0,0,0,0,0,0,0,0,0,0,0,km^3
"Reference,date=2024-30-4T11:58:23-04:00",USA,MissouriR_water withdrawals,groundwater grade16,0,0,0,0,0,0,0,0,0,0,0,0,0,0,0,0,0,0,0,0,0,km^3
"Reference,date=2024-30-4T11:58:23-04:00",USA,MissouriR_water withdrawals,groundwater grade17,0,0,0,0,0,0,0,0,0,0,0,0,0,0,0,0,0,0,0,0,0,km^3
"Reference,date=2024-30-4T11:58:23-04:00",USA,MissouriR_water withdrawals,groundwater grade18,0,0,0,0,0,0,0,0,0,0,0,0,0,0,0,0,0,0,0,0,0,km^3
"Reference,date=2024-30-4T11:58:23-04:00",USA,MissouriR_water withdrawals,groundwater grade19,0,0,0,0,0,0,0,0,0,0,0,0,0,0,0,0,0,0,0,0,0,km^3
"Reference,date=2024-30-4T11:58:23-04:00",USA,MissouriR_water withdrawals,groundwater grade2,0,0,0,0,0,0.391916,0.337163,0.172416,0.382084,0.779092,0.89325,0.998177,0.131872,0,0,0,0,0,0,0,0,km^3
"Reference,date=2024-30-4T11:58:23-04:00",USA,MissouriR_water withdrawals,groundwater grade20,0,0,0,0,0,0,0,0,0,0,0,0,0,0,0,0,0,0,0,0,0,km^3
"Reference,date=2024-30-4T11:58:23-04:00",USA,MissouriR_water withdrawals,groundwater grade3,0,0,0,0,0,0,0.234544,0.407382,0.846542,1.68774,1.91907,2.15737,2.1821,2.26276,1.89962,1.49453,0.634156,0,0,0,0,km^3
"Reference,date=2024-30-4T11:58:23-04:00",USA,MissouriR_water withdrawals,groundwater grade4,0,0,0,0,0,0,0,0,0,1.65915,2.31149,2.61189,2.65992,2.74492,2.31443,1.82143,1.9859,2.096,2.0661,1.91614,0.625508,km^3
"Reference,date=2024-30-4T11:58:23-04:00",USA,MissouriR_water withdrawals,groundwater grade5,0,0,0,0,0,0,0,0,0,0,1.23511,1.40806,1.43999,1.48159,1.25256,0.985929,1.07277,1.12997,1.11327,1.03075,1.10269,km^3
"Reference,date=2024-30-4T11:58:23-04:00",USA,MissouriR_water withdrawals,groundwater grade6,0,0,0,0,0,0,0,0,0,0,0,0.845869,1.21889,1.25301,1.06014,0.834519,0.907478,0.955307,0.941045,0.87086,0.930474,km^3
"Reference,date=2024-30-4T11:58:23-04:00",USA,MissouriR_water withdrawals,groundwater grade7,0,0,0,0,0,0,0,0,0,0,0,0,1.05743,1.17775,0.995334,0.78344,0.852676,0.898386,0.885172,0.81974,0.877456,km^3
"Reference,date=2024-30-4T11:58:23-04:00",USA,MissouriR_water withdrawals,groundwater grade8,0,0,0,0,0,0,0,0,0,0,0,0,0,0,0.774287,0.748107,0.813852,0.8571,0.844394,0.781687,0.835932,km^3
"Reference,date=2024-30-4T11:58:23-04:00",USA,MissouriR_water withdrawals,groundwater grade9,0,0,0,0,0,0,0,0,0,0,0,0,0,0,0.061615,0.608409,0.662228,0.697783,0.687532,0.636751,0.681693,km^3
"Reference,date=2024-30-4T11:58:23-04:00",USA,MissouriR_water withdrawals,runoff,37.9771,50.3314,51.6141,52.4678,54.7906,55.4496,55.563,55.6156,55.8074,56.2497,56.7782,57.3516,57.9035,58.4965,58.9787,59.3573,59.7817,60.2417,60.6982,61.1308,61.6205,km^3
"Reference,date=2024-30-4T11:58:23-04:00",USA,MissppRN_water withdrawals,groundwater grade1,0,0,0,0,0,0,0,0,0,0,0,0,0,0,0,0,0,0,0,0,0,km^3
"Reference,date=2024-30-4T11:58:23-04:00",USA,MissppRN_water withdrawals,groundwater grade10,0,0,0,0,0,0,0,0,0,0,0,0,0,0,0,0,0,0,0,0,0,km^3
"Reference,date=2024-30-4T11:58:23-04:00",USA,MissppRN_water withdrawals,groundwater grade11,0,0,0,0,0,0,0,0,0,0,0,0,0,0,0,0,0,0,0,0,0,km^3
"Reference,date=2024-30-4T11:58:23-04:00",USA,MissppRN_water withdrawals,groundwater grade12,0,0,0,0,0,0,0,0,0,0,0,0,0,0,0,0,0,0,0,0,0,km^3
"Reference,date=2024-30-4T11:58:23-04:00",USA,MissppRN_water withdrawals,groundwater grade13,0,0,0,0,0,0,0,0,0,0,0,0,0,0,0,0,0,0,0,0,0,km^3
"Reference,date=2024-30-4T11:58:23-04:00",USA,MissppRN_water withdrawals,groundwater grade14,0,0,0,0,0,0,0,0,0,0,0,0,0,0,0,0,0,0,0,0,0,km^3
"Reference,date=2024-30-4T11:58:23-04:00",USA,MissppRN_water withdrawals,groundwater grade15,0,0,0,0,0,0,0,0,0,0,0,0,0,0,0,0,0,0,0,0,0,km^3
"Reference,date=2024-30-4T11:58:23-04:00",USA,MissppRN_water withdrawals,groundwater grade16,0,0,0,0,0,0,0,0,0,0,0,0,0,0,0,0,0,0,0,0,0,km^3
"Reference,date=2024-30-4T11:58:23-04:00",USA,MissppRN_water withdrawals,groundwater grade17,0,0,0,0,0,0,0,0,0,0,0,0,0,0,0,0,0,0,0,0,0,km^3
"Reference,date=2024-30-4T11:58:23-04:00",USA,MissppRN_water withdrawals,groundwater grade18,0,0,0,0,0,0,0,0,0,0,0,0,0,0,0,0,0,0,0,0,0,km^3
"Reference,date=2024-30-4T11:58:23-04:00",USA,MissppRN_water withdrawals,groundwater grade19,0,0,0,0,0,0,0,0,0,0,0,0,0,0,0,0,0,0,0,0,0,km^3
"Reference,date=2024-30-4T11:58:23-04:00",USA,MissppRN_water withdrawals,groundwater grade2,0,0,0,0,0,0,0,0,0,0,0,0,0,0,0,0,0,0,0,0,0,km^3
"Reference,date=2024-30-4T11:58:23-04:00",USA,MissppRN_water withdrawals,groundwater grade20,0,0,0,0,0,0,0,0,0,0,0,0,0,0,0,0,0,0,0,0,0,km^3
"Reference,date=2024-30-4T11:58:23-04:00",USA,MissppRN_water withdrawals,groundwater grade3,0,0,0,0,0,0,0,0,0,0,0,0,0,0,0,0,0,0,0,0,0,km^3
"Reference,date=2024-30-4T11:58:23-04:00",USA,MissppRN_water withdrawals,groundwater grade4,0,0,0,0,0,0,0,0,0,0,0,0,0,0,0,0,0,0,0,0,0,km^3
"Reference,date=2024-30-4T11:58:23-04:00",USA,MissppRN_water withdrawals,groundwater grade5,0,0,0,0,0,0,0,0,0,0,0,0,0,0,0,0,0,0,0,0,0,km^3
"Reference,date=2024-30-4T11:58:23-04:00",USA,MissppRN_water withdrawals,groundwater grade6,0,0,0,0,0,0,0,0,0,0,0,0,0,0,0,0,0,0,0,0,0,km^3
"Reference,date=2024-30-4T11:58:23-04:00",USA,MissppRN_water withdrawals,groundwater grade7,0,0,0,0,0,0,0,0,0,0,0,0,0,0,0,0,0,0,0,0,0,km^3
"Reference,date=2024-30-4T11:58:23-04:00",USA,MissppRN_water withdrawals,groundwater grade8,0,0,0,0,0,0,0,0,0,0,0,0,0,0,0,0,0,0,0,0,0,km^3
"Reference,date=2024-30-4T11:58:23-04:00",USA,MissppRN_water withdrawals,groundwater grade9,0,0,0,0,0,0,0,0,0,0,0,0,0,0,0,0,0,0,0,0,0,km^3
"Reference,date=2024-30-4T11:58:23-04:00",USA,MissppRN_water withdrawals,runoff,34.4522,42.588,41.5327,36.37,34.2002,33.3866,32.3412,30.7627,28.6101,26.1679,23.6914,21.536,19.772,18.8361,18.2337,16.8452,17.1192,17.2138,17.1879,17.0935,16.9373,km^3
"Reference,date=2024-30-4T11:58:23-04:00",USA,MissppRS_water withdrawals,groundwater grade hist,0,4.59927,3.49882,4.17822,2.00706,0,0,0,0,0,0,0,0,0,0,0,0,0,0,0,0,km^3
"Reference,date=2024-30-4T11:58:23-04:00",USA,MissppRS_water withdrawals,groundwater grade1,0,0,0,0,0.00253326,0.00124674,0,0,0,0,0,0,0,0,0,0,0,0,0,0,0,km^3
"Reference,date=2024-30-4T11:58:23-04:00",USA,MissppRS_water withdrawals,groundwater grade10,0,0,0,0,0,0,0,0,0,0,0,0,0,0,0,0,0,0,0,0,0,km^3
"Reference,date=2024-30-4T11:58:23-04:00",USA,MissppRS_water withdrawals,groundwater grade11,0,0,0,0,0,0,0,0,0,0,0,0,0,0,0,0,0,0,0,0,0,km^3
"Reference,date=2024-30-4T11:58:23-04:00",USA,MissppRS_water withdrawals,groundwater grade12,0,0,0,0,0,0,0,0,0,0,0,0,0,0,0,0,0,0,0,0,0,km^3
"Reference,date=2024-30-4T11:58:23-04:00",USA,MissppRS_water withdrawals,groundwater grade13,0,0,0,0,0,0,0,0,0,0,0,0,0,0,0,0,0,0,0,0,0,km^3
"Reference,date=2024-30-4T11:58:23-04:00",USA,MissppRS_water withdrawals,groundwater grade14,0,0,0,0,0,0,0,0.000469306,0.00460992,0.004752,0.0038837,0.00346489,0.00378568,0.00529192,0.00415257,0.00392662,0.00456049,0.00451745,0.00396285,0.00399558,0.00391053,km^3
"Reference,date=2024-30-4T11:58:23-04:00",USA,MissppRS_water withdrawals,groundwater grade15,0,0,0,0,0,0,0,0,0,0,0,0,0,0,0,0,0,0,0,0,0,km^3
"Reference,date=2024-30-4T11:58:23-04:00",USA,MissppRS_water withdrawals,groundwater grade16,0,0,0,0,0,0,0,0,0,0,0,0,0,0,0,0,0,0,0,0,0,km^3
"Reference,date=2024-30-4T11:58:23-04:00",USA,MissppRS_water withdrawals,groundwater grade17,0,0,0,0,0,0,0,0,0,0,0,0,0,0,0,0,0,0,0,0,0,km^3
"Reference,date=2024-30-4T11:58:23-04:00",USA,MissppRS_water withdrawals,groundwater grade18,0,0,0,0,0,0,0,0,0,0,0,0,0,0,0,0,0,0,0,0,0,km^3
"Reference,date=2024-30-4T11:58:23-04:00",USA,MissppRS_water withdrawals,groundwater grade19,0,0,0,0,0,0,0,0,0,0,0,0,0,0,0,0,0,0,0,0,0,km^3
"Reference,date=2024-30-4T11:58:23-04:00",USA,MissppRS_water withdrawals,groundwater grade2,0,0,0,0,0.104557,0.188365,0.0813772,0.0445259,0.0120314,0,0,0,0,0,0,0,0,0,0,0,0,km^3
"Reference,date=2024-30-4T11:58:23-04:00",USA,MissppRS_water withdrawals,groundwater grade3,0,0,0,0,0,1.16382,0.798761,0.43824,0.41893,0.433025,0.355015,0.315272,0.342746,0.0920372,0,0,0,0,0,0,0,km^3
"Reference,date=2024-30-4T11:58:23-04:00",USA,MissppRS_water withdrawals,groundwater grade4,0,0,0,0,0,0.132691,0.492694,0.270744,0.256475,0.262154,0.212157,0.192023,0.213028,0.292722,0.231886,0.218458,0.252129,0.248689,0.218116,0.218736,0.211488,km^3
"Reference,date=2024-30-4T11:58:23-04:00",USA,MissppRS_water withdrawals,groundwater grade5,0,0,0,0,0,0,0,0.242672,0.288146,0.290791,0.231787,0.21448,0.243376,0.326021,0.261958,0.245432,0.280586,0.274965,0.241091,0.239773,0.227408,km^3
"Reference,date=2024-30-4T11:58:23-04:00",USA,MissppRS_water withdrawals,groundwater grade6,0,0,0,0,0,0,0.0278437,0.404418,0.379667,0.383703,0.306375,0.282789,0.320082,0.429992,0.34495,0.323387,0.370101,0.362953,0.318249,0.316809,0.301139,km^3
"Reference,date=2024-30-4T11:58:23-04:00",USA,MissppRS_water withdrawals,groundwater grade7,0,0,0,0,0,0,0,0,0,0,0.160892,0.460818,0.532289,0.698852,0.567924,0.529779,0.601069,0.58592,0.513612,0.507307,0.473364,km^3
"Reference,date=2024-30-4T11:58:23-04:00",USA,MissppRS_water withdrawals,groundwater grade8,0,0,0,0,0,0,0,0,0,0,0,0,0,0,0.625176,0.667535,0.748834,0.724149,0.634548,0.620179,0.563948,km^3
"Reference,date=2024-30-4T11:58:23-04:00",USA,MissppRS_water withdrawals,groundwater grade9,0,0,0,0,0,0,0,0,0,0,0,0,0,0,0,0,0,0.223239,0.581613,0.562404,0.497745,km^3
"Reference,date=2024-30-4T11:58:23-04:00",USA,MissppRS_water withdrawals,runoff,27.7553,30.8546,30.9218,31.0021,32.7965,33.5523,33.8222,33.9685,34.1179,34.2843,34.4319,34.5484,34.6576,34.8385,34.9683,35.0956,35.2522,35.4133,35.5549,35.7042,35.8647,km^3
"Reference,date=2024-30-4T11:58:23-04:00",USA,NelsonR_water withdrawals,groundwater grade10,0,0,0,0,0,0,0,0,0,0,0,0,0,0,0,0,0,0,0,0,0,km^3
"Reference,date=2024-30-4T11:58:23-04:00",USA,NelsonR_water withdrawals,groundwater grade11,0,0,0,0,0,0,0,0,0,0,0,0,0,0,0,0,0,0,0,0,0,km^3
"Reference,date=2024-30-4T11:58:23-04:00",USA,NelsonR_water withdrawals,groundwater grade12,0,0,0,0,0,0,0,0,0,0,0,0,0,0,0,0,0,0,0,0,0,km^3
"Reference,date=2024-30-4T11:58:23-04:00",USA,NelsonR_water withdrawals,groundwater grade13,0,0,0,0,0,0,0,0,0,0,0,0,0,0,0,0,0,0,0,0,0,km^3
"Reference,date=2024-30-4T11:58:23-04:00",USA,NelsonR_water withdrawals,groundwater grade14,0,0,0,0,0,0,0,0,0,0,0,0,0,0,0,0,0,0,0,0,0,km^3
"Reference,date=2024-30-4T11:58:23-04:00",USA,NelsonR_water withdrawals,groundwater grade15,0,0,0,0,0,0,0,0,0,0,0,0,0,0,0,0,0,0,0,0,0,km^3
"Reference,date=2024-30-4T11:58:23-04:00",USA,NelsonR_water withdrawals,groundwater grade16,0,0,0,0,0,0,0,0,0,0,0,0,0,0,0,0,0,0,0,0,0,km^3
"Reference,date=2024-30-4T11:58:23-04:00",USA,NelsonR_water withdrawals,groundwater grade17,0,0,0,0,0,0,0,0,0,0,0,0,0,0,0,0,0,0,0,0,0,km^3
"Reference,date=2024-30-4T11:58:23-04:00",USA,NelsonR_water withdrawals,groundwater grade18,0,0,0,0,0,0,0,0,0,0,0,0,0,0,0,0,0,0,0,0,0,km^3
"Reference,date=2024-30-4T11:58:23-04:00",USA,NelsonR_water withdrawals,groundwater grade19,0,0,0,0,0,0,0,0,0,0,0,0,0,0,0,0,0,0,0,0,0,km^3
"Reference,date=2024-30-4T11:58:23-04:00",USA,NelsonR_water withdrawals,groundwater grade2,0,0,0,0,0,0,0,0,0,0,0,0,0,0,0,0,0,0,0,0,0,km^3
"Reference,date=2024-30-4T11:58:23-04:00",USA,NelsonR_water withdrawals,groundwater grade20,0,0,0,0,0,0,0,0,0,0,0,0,0,0,0,0,0,0,0,0,0,km^3
"Reference,date=2024-30-4T11:58:23-04:00",USA,NelsonR_water withdrawals,groundwater grade3,0,0,0,0,0,0,0,0,0,0,0,0,0,0,0,0,0,0,0,0,0,km^3
"Reference,date=2024-30-4T11:58:23-04:00",USA,NelsonR_water withdrawals,groundwater grade4,0,0,0,0,0,0,0,0,0,0,0,0,0,0,0,0,0,0,0,0,0,km^3
"Reference,date=2024-30-4T11:58:23-04:00",USA,NelsonR_water withdrawals,groundwater grade5,0,0,0,0,0,0,0,0,0,0,0,0,0,0,0,0,0,0,0,0,0,km^3
"Reference,date=2024-30-4T11:58:23-04:00",USA,NelsonR_water withdrawals,groundwater grade6,0,0,0,0,0,0,0,0,0,0,0,0,0,0,0,0,0,0,0,0,0,km^3
"Reference,date=2024-30-4T11:58:23-04:00",USA,NelsonR_water withdrawals,groundwater grade7,0,0,0,0,0,0,0,0,0,0,0,0,0,0,0,0,0,0,0,0,0,km^3
"Reference,date=2024-30-4T11:58:23-04:00",USA,NelsonR_water withdrawals,groundwater grade8,0,0,0,0,0,0,0,0,0,0,0,0,0,0,0,0,0,0,0,0,0,km^3
"Reference,date=2024-30-4T11:58:23-04:00",USA,NelsonR_water withdrawals,groundwater grade9,0,0,0,0,0,0,0,0,0,0,0,0,0,0,0,0,0,0,0,0,0,km^3
"Reference,date=2024-30-4T11:58:23-04:00",USA,OhioR_water withdrawals,groundwater grade1,0,0,0,0,0,0,0,0,0,0,0,0,0,0,0,0,0,0,0,0,0,km^3
"Reference,date=2024-30-4T11:58:23-04:00",USA,OhioR_water withdrawals,groundwater grade10,0,0,0,0,0,0,0,0,0,0,0,0,0,0,0,0,0,0,0,0,0,km^3
"Reference,date=2024-30-4T11:58:23-04:00",USA,OhioR_water withdrawals,groundwater grade11,0,0,0,0,0,0,0,0,0,0,0,0,0,0,0,0,0,0,0,0,0,km^3
"Reference,date=2024-30-4T11:58:23-04:00",USA,OhioR_water withdrawals,groundwater grade12,0,0,0,0,0,0,0,0,0,0,0,0,0,0,0,0,0,0,0,0,0,km^3
"Reference,date=2024-30-4T11:58:23-04:00",USA,OhioR_water withdrawals,groundwater grade13,0,0,0,0,0,0,0,0,0,0,0,0,0,0,0,0,0,0,0,0,0,km^3
"Reference,date=2024-30-4T11:58:23-04:00",USA,OhioR_water withdrawals,groundwater grade14,0,0,0,0,0,0,0,0,0,0,0,0,0,0,0,0,0,0,0,0,0,km^3
"Reference,date=2024-30-4T11:58:23-04:00",USA,OhioR_water withdrawals,groundwater grade15,0,0,0,0,0,0,0,0,0,0,0,0,0,0,0,0,0,0,0,0,0,km^3
"Reference,date=2024-30-4T11:58:23-04:00",USA,OhioR_water withdrawals,groundwater grade16,0,0,0,0,0,0,0,0,0,0,0,0,0,0,0,0,0,0,0,0,0,km^3
"Reference,date=2024-30-4T11:58:23-04:00",USA,OhioR_water withdrawals,groundwater grade17,0,0,0,0,0,0,0,0,0,0,0,0,0,0,0,0,0,0,0,0,0,km^3
"Reference,date=2024-30-4T11:58:23-04:00",USA,OhioR_water withdrawals,groundwater grade18,0,0,0,0,0,0,0,0,0,0,0,0,0,0,0,0,0,0,0,0,0,km^3
"Reference,date=2024-30-4T11:58:23-04:00",USA,OhioR_water withdrawals,groundwater grade19,0,0,0,0,0,0,0,0,0,0,0,0,0,0,0,0,0,0,0,0,0,km^3
"Reference,date=2024-30-4T11:58:23-04:00",USA,OhioR_water withdrawals,groundwater grade2,0,0,0,0,0,0,0,0,0,0,0,0,0,0,0,0,0,0,0,0,0,km^3
"Reference,date=2024-30-4T11:58:23-04:00",USA,OhioR_water withdrawals,groundwater grade20,0,0,0,0,0,0,0,0,0,0,0,0,0,0,0,0,0,0,0,0,0,km^3
"Reference,date=2024-30-4T11:58:23-04:00",USA,OhioR_water withdrawals,groundwater grade3,0,0,0,0,0,0,0,0,0,0,0,0,0,0,0,0,0,0,0,0,0,km^3
"Reference,date=2024-30-4T11:58:23-04:00",USA,OhioR_water withdrawals,groundwater grade4,0,0,0,0,0,0,0,0,0,0,0,0,0,0,0,0,0,0,0,0,0,km^3
"Reference,date=2024-30-4T11:58:23-04:00",USA,OhioR_water withdrawals,groundwater grade5,0,0,0,0,0,0,0,0,0,0,0,0,0,0,0,0,0,0,0,0,0,km^3
"Reference,date=2024-30-4T11:58:23-04:00",USA,OhioR_water withdrawals,groundwater grade6,0,0,0,0,0,0,0,0,0,0,0,0,0,0,0,0,0,0,0,0,0,km^3
"Reference,date=2024-30-4T11:58:23-04:00",USA,OhioR_water withdrawals,groundwater grade7,0,0,0,0,0,0,0,0,0,0,0,0,0,0,0,0,0,0,0,0,0,km^3
"Reference,date=2024-30-4T11:58:23-04:00",USA,OhioR_water withdrawals,groundwater grade8,0,0,0,0,0,0,0,0,0,0,0,0,0,0,0,0,0,0,0,0,0,km^3
"Reference,date=2024-30-4T11:58:23-04:00",USA,OhioR_water withdrawals,groundwater grade9,0,0,0,0,0,0,0,0,0,0,0,0,0,0,0,0,0,0,0,0,0,km^3
"Reference,date=2024-30-4T11:58:23-04:00",USA,OhioR_water withdrawals,runoff,35.3199,43.3453,42.0955,36.6843,34.5853,33.8553,32.9368,31.4541,29.3782,26.9899,24.5616,22.4622,20.7739,19.921,19.3967,18.0784,18.4158,18.5745,18.6138,18.578,18.4684,km^3
"Reference,date=2024-30-4T11:58:23-04:00",USA,PacArctic_water withdrawals,groundwater grade hist,0,5.53424E-05,0,0,0,0,0,0,0,0,0,0,0,0,0,0,0,0,0,0,0,km^3
"Reference,date=2024-30-4T11:58:23-04:00",USA,PacArctic_water withdrawals,groundwater grade1,0,0,0,0,0,0,0,0,0,0,0,0,0,0,0,0,0,0,0,0,0,km^3
"Reference,date=2024-30-4T11:58:23-04:00",USA,PacArctic_water withdrawals,groundwater grade10,0,0,0,0,0,0,0,0,0,0,0,0,0,0,0,0,0,0,0,0,0,km^3
"Reference,date=2024-30-4T11:58:23-04:00",USA,PacArctic_water withdrawals,groundwater grade11,0,0,0,0,0,0,0,0,0,0,0,0,0,0,0,0,0,0,0,0,0,km^3
"Reference,date=2024-30-4T11:58:23-04:00",USA,PacArctic_water withdrawals,groundwater grade12,0,0,0,0,0,0,0,0,0,0,0,0,0,0,0,0,0,0,0,0,0,km^3
"Reference,date=2024-30-4T11:58:23-04:00",USA,PacArctic_water withdrawals,groundwater grade13,0,0,0,0,0,0,0,0,0,0,0,0,0,0,0,0,0,0,0,0,0,km^3
"Reference,date=2024-30-4T11:58:23-04:00",USA,PacArctic_water withdrawals,groundwater grade14,0,0,0,0,0,0,0,0,0,0,0,0,0,0,0,0,0,0,0,0,0,km^3
"Reference,date=2024-30-4T11:58:23-04:00",USA,PacArctic_water withdrawals,groundwater grade15,0,0,0,0,0,0,0,0,0,0,0,0,0,0,0,0,0,0,0,0,0,km^3
"Reference,date=2024-30-4T11:58:23-04:00",USA,PacArctic_water withdrawals,groundwater grade16,0,0,0,0,0,0,0,0,0,0,0,0,0,0,0,0,0,0,0,0,0,km^3
"Reference,date=2024-30-4T11:58:23-04:00",USA,PacArctic_water withdrawals,groundwater grade17,0,0,0,0,0,0,0,0,0,0,0,0,0,0,0,0,0,0,0,0,0,km^3
"Reference,date=2024-30-4T11:58:23-04:00",USA,PacArctic_water withdrawals,groundwater grade18,0,0,0,0,0,0,0,0,0,0,0,0,0,0,0,0,0,0,0,0,0,km^3
"Reference,date=2024-30-4T11:58:23-04:00",USA,PacArctic_water withdrawals,groundwater grade19,0,0,0,0,0,0,0,0,0,0,0,0,0,0,0,0,0,0,0,0,0,km^3
"Reference,date=2024-30-4T11:58:23-04:00",USA,PacArctic_water withdrawals,groundwater grade2,0,0,0,0,0,0,0,0,0,0,0,0,0,0,0,0,0,0,0,0,0,km^3
"Reference,date=2024-30-4T11:58:23-04:00",USA,PacArctic_water withdrawals,groundwater grade20,0,0,0,0,0,0,0,0,0,0,0,0,0,0,0,0,0,0,0,0,0,km^3
"Reference,date=2024-30-4T11:58:23-04:00",USA,PacArctic_water withdrawals,groundwater grade3,0,0,0,0,0,0,0,0,0,0,0,0,0,0,0,0,0,0,0,0,0,km^3
"Reference,date=2024-30-4T11:58:23-04:00",USA,PacArctic_water withdrawals,groundwater grade4,0,0,0,0,0,0,0,0,0,0,0,0,0,0,0,0,0,0,0,0,0,km^3
"Reference,date=2024-30-4T11:58:23-04:00",USA,PacArctic_water withdrawals,groundwater grade5,0,0,0,0,0,0,0,0,0,0,0,0,0,0,0,0,0,0,0,0,0,km^3
"Reference,date=2024-30-4T11:58:23-04:00",USA,PacArctic_water withdrawals,groundwater grade6,0,0,0,0,0,0,0,0,0,0,0,0,0,0,0,0,0,0,0,0,0,km^3
"Reference,date=2024-30-4T11:58:23-04:00",USA,PacArctic_water withdrawals,groundwater grade7,0,0,0,0,0,0,0,0,0,0,0,0,0,0,0,0,0,0,0,0,0,km^3
"Reference,date=2024-30-4T11:58:23-04:00",USA,PacArctic_water withdrawals,groundwater grade8,0,0,0,0,0,0,0,0,0,0,0,0,0,0,0,0,0,0,0,0,0,km^3
"Reference,date=2024-30-4T11:58:23-04:00",USA,PacArctic_water withdrawals,groundwater grade9,0,0,0,0,0,0,0,0,0,0,0,0,0,0,0,0,0,0,0,0,0,km^3
"Reference,date=2024-30-4T11:58:23-04:00",USA,PacArctic_water withdrawals,runoff,2.23201,2.57337,2.44642,2.38759,2.38787,2.4259,2.46831,2.48796,2.48684,2.47232,2.4471,2.43335,2.4283,2.44561,2.46592,2.46021,2.47207,2.47492,2.47011,2.45862,2.44094,km^3
"Reference,date=2024-30-4T11:58:23-04:00",USA,RioGrande_water withdrawals,groundwater grade hist,0,0,0,1.46644,0.140723,0,0,0,0,0,0,0,0,0,0,0,0,0,0,0,0,km^3
"Reference,date=2024-30-4T11:58:23-04:00",USA,RioGrande_water withdrawals,groundwater grade10,0,0,0,0,0,0,0,0,0,0,0,0,0,0.108394,0.168411,0.171391,0.192929,0.203296,0.21528,0.19893,0.184158,km^3
"Reference,date=2024-30-4T11:58:23-04:00",USA,RioGrande_water withdrawals,groundwater grade11,0,0,0,0,0,0,0,0,0,0,0,0,0,0.0981305,0.103324,0.105434,0.11901,0.125703,0.133236,0.123342,0.114763,km^3
"Reference,date=2024-30-4T11:58:23-04:00",USA,RioGrande_water withdrawals,groundwater grade12,0,0,0,0,0,0,0,0,0,0,0,0,0,0,0,0,0,0,0,0,0,km^3
"Reference,date=2024-30-4T11:58:23-04:00",USA,RioGrande_water withdrawals,groundwater grade13,0,0,0,0,0,0,0,0,0,0,0,0,0,0,0,0,0,0,0,0,0,km^3
"Reference,date=2024-30-4T11:58:23-04:00",USA,RioGrande_water withdrawals,groundwater grade14,0,0,0,0,0,0,0,0,0,0,0,0,0,0,0,0,0,0,0,0,0,km^3
"Reference,date=2024-30-4T11:58:23-04:00",USA,RioGrande_water withdrawals,groundwater grade15,0,0,0,0,0,0,0,0,0,0,0,0,0,0,0,0,0,0,0,0,0,km^3
"Reference,date=2024-30-4T11:58:23-04:00",USA,RioGrande_water withdrawals,groundwater grade16,0,0,0,0,0,0,0,0,0,0,0,0,0,0,0,0,0,0,0,0,0,km^3
"Reference,date=2024-30-4T11:58:23-04:00",USA,RioGrande_water withdrawals,groundwater grade17,0,0,0,0,0,0,0,0,0,0,0,0,0,0,0,0,0,0,0,0,0,km^3
"Reference,date=2024-30-4T11:58:23-04:00",USA,RioGrande_water withdrawals,groundwater grade18,0,0,0,0,0,0,0,0,0,0,0,0,0,0,0,0,0,0,0,0,0,km^3
"Reference,date=2024-30-4T11:58:23-04:00",USA,RioGrande_water withdrawals,groundwater grade19,0,0,0,0,0,0,0,0,0,0,0,0,0,0,0,0,0,0,0,0,0,km^3
"Reference,date=2024-30-4T11:58:23-04:00",USA,RioGrande_water withdrawals,groundwater grade2,0,0,0,0,0,0.420796,0.304044,0.256389,0.29953,0.196853,0,0,0,0,0,0,0,0,0,0,0,km^3
"Reference,date=2024-30-4T11:58:23-04:00",USA,RioGrande_water withdrawals,groundwater grade20,0,0,0,0,0,0,0,0,0,0,0,0,0,0,0,0,0,0,0,0,0,km^3
"Reference,date=2024-30-4T11:58:23-04:00",USA,RioGrande_water withdrawals,groundwater grade3,0,0,0,0,0,0.220608,1.1646,0.965931,1.11315,1.20291,1.34696,1.08042,1.04039,0.999352,0.963926,0.788818,0,0,0,0,0,km^3
"Reference,date=2024-30-4T11:58:23-04:00",USA,RioGrande_water withdrawals,groundwater grade4,0,0,0,0,0,0,0,0.526192,1.072,1.14854,1.27369,1.03278,1.00904,0.961102,0.932452,0.955044,1.08214,1.14674,1.21699,1.12945,1.05813,km^3
"Reference,date=2024-30-4T11:58:23-04:00",USA,RioGrande_water withdrawals,groundwater grade5,0,0,0,0,0,0,0,0,0,0.213253,0.755733,0.615809,0.605555,0.574631,0.558948,0.571125,0.645554,0.682663,0.723899,0.670754,0.625655,km^3
"Reference,date=2024-30-4T11:58:23-04:00",USA,RioGrande_water withdrawals,groundwater grade6,0,0,0,0,0,0,0,0,0,0,0.09256,0.662401,0.659448,0.621341,0.607371,0.61779,0.695041,0.732036,0.775046,0.715917,0.662075,km^3
"Reference,date=2024-30-4T11:58:23-04:00",USA,RioGrande_water withdrawals,groundwater grade7,0,0,0,0,0,0,0,0,0,0,0,0.179279,0.357464,0.335872,0.328955,0.334004,0.375078,0.394411,0.417325,0.385009,0.354826,km^3
"Reference,date=2024-30-4T11:58:23-04:00",USA,RioGrande_water withdrawals,groundwater grade8,0,0,0,0,0,0,0,0,0,0,0,0,0,0.128839,0.279387,0.284173,0.3197,0.33671,0.35649,0.329288,0.30451,km^3
"Reference,date=2024-30-4T11:58:23-04:00",USA,RioGrande_water withdrawals,groundwater grade9,0,0,0,0,0,0,0,0,0,0,0,0,0,0.137195,0.189409,0.192808,0.217091,0.228805,0.242312,0.223946,0.207412,km^3
"Reference,date=2024-30-4T11:58:23-04:00",USA,RioGrande_water withdrawals,runoff,10.1635,11.1386,12.2506,12.6145,13.0266,13.136,13.1721,13.2067,13.2509,13.3022,13.3638,13.4094,13.4483,13.4885,13.5254,13.5652,13.6125,13.6647,13.721,13.7747,13.8291,km^3
"Reference,date=2024-30-4T11:58:23-04:00",USA,TennR_water withdrawals,groundwater grade hist,0,0.000170605,0,0,0,0,0,0,0,0,0,0,0,0,0,0,0,0,0,0,0,km^3
"Reference,date=2024-30-4T11:58:23-04:00",USA,TennR_water withdrawals,groundwater grade10,0,0,0,0,0,0,0,0,0,0,0,0,0,0,0,0,0,0,0,0,0,km^3
"Reference,date=2024-30-4T11:58:23-04:00",USA,TennR_water withdrawals,groundwater grade11,0,0,0,0,0,0,0,0,0,0,0,0,0,0,0,0,0,0,0,0,0,km^3
"Reference,date=2024-30-4T11:58:23-04:00",USA,TennR_water withdrawals,groundwater grade12,0,0,0,0,0,0,0,0,0,0,0,0,0,0,0,0,0,0,0,0,0,km^3
"Reference,date=2024-30-4T11:58:23-04:00",USA,TennR_water withdrawals,groundwater grade13,0,0,0,0,0,0,0,0,0,0,0,0,0,0,0,0,0,0,0,0,0,km^3
"Reference,date=2024-30-4T11:58:23-04:00",USA,TennR_water withdrawals,groundwater grade14,0,0,0,0,0,0,0,0,0,0,0,0,0,0,0,0,0,0,0,0,0,km^3
"Reference,date=2024-30-4T11:58:23-04:00",USA,TennR_water withdrawals,groundwater grade15,0,0,0,0,0,0,0,0,0,0,0,0,0,0,0,0,0,0,0,0,0,km^3
"Reference,date=2024-30-4T11:58:23-04:00",USA,TennR_water withdrawals,groundwater grade16,0,0,0,0,0,0,0,0,0,0,0,0,0,0,0,0,0,0,0,0,0,km^3
"Reference,date=2024-30-4T11:58:23-04:00",USA,TennR_water withdrawals,groundwater grade17,0,0,0,0,0,0,0,0,0,0,0,0,0,0,0,0,0,0,0,0,0,km^3
"Reference,date=2024-30-4T11:58:23-04:00",USA,TennR_water withdrawals,groundwater grade18,0,0,0,0,0,0,0,0,0,0,0,0,0,0,0,0,0,0,0,0,0,km^3
"Reference,date=2024-30-4T11:58:23-04:00",USA,TennR_water withdrawals,groundwater grade19,0,0,0,0,0,0,0,0,0,0,0,0,0,0,0,0,0,0,0,0,0,km^3
"Reference,date=2024-30-4T11:58:23-04:00",USA,TennR_water withdrawals,groundwater grade2,0,0,0,0,0,0,0,0,0,0,0,0,0,0,0,0,0,0,0,0,0,km^3
"Reference,date=2024-30-4T11:58:23-04:00",USA,TennR_water withdrawals,groundwater grade20,0,0,0,0,0,0,0,0,0,0,0,0,0,0,0,0,0,0,0,0,0,km^3
"Reference,date=2024-30-4T11:58:23-04:00",USA,TennR_water withdrawals,groundwater grade3,0,0,0,0,0,0,0,0,0,0,0,0,0,0,0,0,0,0,0,0,0,km^3
"Reference,date=2024-30-4T11:58:23-04:00",USA,TennR_water withdrawals,groundwater grade4,0,0,0,0,0,0,0,0,0,0,0,0,0,0,0,0,0,0,0,0,0,km^3
"Reference,date=2024-30-4T11:58:23-04:00",USA,TennR_water withdrawals,groundwater grade5,0,0,0,0,0,0,0,0,0,0,0,0,0,0,0,0,0,0,0,0,0,km^3
"Reference,date=2024-30-4T11:58:23-04:00",USA,TennR_water withdrawals,groundwater grade6,0,0,0,0,0,0,0,0,0,0,0,0,0,0,0,0,0,0,0,0,0,km^3
"Reference,date=2024-30-4T11:58:23-04:00",USA,TennR_water withdrawals,groundwater grade7,0,0,0,0,0,0,0,0,0,0,0,0,0,0,0,0,0,0,0,0,0,km^3
"Reference,date=2024-30-4T11:58:23-04:00",USA,TennR_water withdrawals,groundwater grade8,0,0,0,0,0,0,0,0,0,0,0,0,0,0,0,0,0,0,0,0,0,km^3
"Reference,date=2024-30-4T11:58:23-04:00",USA,TennR_water withdrawals,groundwater grade9,0,0,0,0,0,0,0,0,0,0,0,0,0,0,0,0,0,0,0,0,0,km^3
"Reference,date=2024-30-4T11:58:23-04:00",USA,TennR_water withdrawals,runoff,13.6347,17.2411,16.8099,14.3174,13.19,12.7285,12.155,11.3287,10.2336,9.00253,7.76796,6.68601,5.79128,5.29171,4.96226,4.27392,4.38042,4.41028,4.38911,4.34249,4.27505,km^3
"Reference,date=2024-30-4T11:58:23-04:00",USA,TexasCst_water withdrawals,groundwater grade hist,0,3.27675,0.71752,0.569998,1.29677,0,0,0,0,0,0,0,0,0,0,0,0,0,0,0,0,km^3
"Reference,date=2024-30-4T11:58:23-04:00",USA,TexasCst_water withdrawals,groundwater grade1,0,0,0,0,0,0.006824,0,0,0,0,0,0,0,0,0,0,0,0,0,0,0,km^3
"Reference,date=2024-30-4T11:58:23-04:00",USA,TexasCst_water withdrawals,groundwater grade10,0,0,0,0,0,0,0,0,0,0,0,0,0,0,0,0,0,0,0,0,0,km^3
"Reference,date=2024-30-4T11:58:23-04:00",USA,TexasCst_water withdrawals,groundwater grade11,0,0,0,0,0,0,0,0,0,0,0,0,0,0,0.115727,0.13357,0.129839,0.129698,0.127826,0.126655,0.120093,km^3
"Reference,date=2024-30-4T11:58:23-04:00",USA,TexasCst_water withdrawals,groundwater grade12,0,0,0,0,0,0,0,0,0,0,0.0133087,0.0925272,0.0771363,0.0682342,0.0549241,0.0551008,0.0540732,0.0547975,0.054247,0.0545673,0.0535718,km^3
"Reference,date=2024-30-4T11:58:23-04:00",USA,TexasCst_water withdrawals,groundwater grade13,0,0,0,0,0,0,0,0,0,0,0,0,0,0,0,0,0,0,0,0,0,km^3
"Reference,date=2024-30-4T11:58:23-04:00",USA,TexasCst_water withdrawals,groundwater grade14,0,0,0,0,0,0,0,0,0,0,0,0,0,0,0,0,0,0,0,0,0,km^3
"Reference,date=2024-30-4T11:58:23-04:00",USA,TexasCst_water withdrawals,groundwater grade15,0,0,0,0,0,0,0,0,0,0,0,0,0,0,0,0,0,0,0,0,0,km^3
"Reference,date=2024-30-4T11:58:23-04:00",USA,TexasCst_water withdrawals,groundwater grade16,0,0,0,0,0,0,0,0,0,0,0,0,0,0,0,0,0,0,0,0,0,km^3
"Reference,date=2024-30-4T11:58:23-04:00",USA,TexasCst_water withdrawals,groundwater grade17,0,0,0,0,0,0,0,0,0,0,0,0,0,0,0,0,0,0,0,0,0,km^3
"Reference,date=2024-30-4T11:58:23-04:00",USA,TexasCst_water withdrawals,groundwater grade18,0,0,0,0,0,0,0,0,0,0,0,0,0,0,0,0,0,0,0,0,0,km^3
"Reference,date=2024-30-4T11:58:23-04:00",USA,TexasCst_water withdrawals,groundwater grade19,0,0,0,0,0,0,0,0,0,0,0,0,0,0,0,0,0,0,0,0,0,km^3
"Reference,date=2024-30-4T11:58:23-04:00",USA,TexasCst_water withdrawals,groundwater grade2,0,0,0,0,0,0.111683,0.235052,0.20769,0.158554,0.210111,0.249075,0.177988,0,0,0,0,0,0,0,0,0,km^3
"Reference,date=2024-30-4T11:58:23-04:00",USA,TexasCst_water withdrawals,groundwater grade20,0,0,0,0,0,0,0,0,0,0,0,0,0,0,0,0,0,0,0,0,0,km^3
"Reference,date=2024-30-4T11:58:23-04:00",USA,TexasCst_water withdrawals,groundwater grade3,0,0,0,0,0,0.176076,0.543847,0.473786,0.361166,0.472288,0.554354,0.634788,0.522322,0.464608,0.37046,0.373573,0.367877,0.374733,0.371551,0.191863,0,km^3
"Reference,date=2024-30-4T11:58:23-04:00",USA,TexasCst_water withdrawals,groundwater grade4,0,0,0,0,0,0,0.19572,0.811706,0.618035,0.799489,0.930712,1.07174,0.891478,0.789337,0.634346,0.636944,0.625433,0.634368,0.628164,0.632445,0.622169,km^3
"Reference,date=2024-30-4T11:58:23-04:00",USA,TexasCst_water withdrawals,groundwater grade5,0,0,0,0,0,0,0,0.0357039,0.92846,1.18864,1.37262,1.58932,1.33592,1.17765,0.953543,0.953549,0.933739,0.943172,0.932769,0.935129,0.91112,km^3
"Reference,date=2024-30-4T11:58:23-04:00",USA,TexasCst_water withdrawals,groundwater grade6,0,0,0,0,0,0,0,0,0,0,0,0,0,0.366395,1.37538,1.36888,1.33613,1.34307,1.32626,1.32287,1.27396,km^3
"Reference,date=2024-30-4T11:58:23-04:00",USA,TexasCst_water withdrawals,groundwater grade7,0,0,0,0,0,0,0,0,0,0,0,0,0.645827,0.944085,0.771679,0.767746,0.749182,0.752777,0.743268,0.741062,0.712984,km^3
"Reference,date=2024-30-4T11:58:23-04:00",USA,TexasCst_water withdrawals,groundwater grade8,0,0,0,0,0,0,0,0,0,0,0,0,0.500911,0.639303,0.52224,0.519748,0.507294,0.509901,0.503513,0.502198,0.483568,km^3
"Reference,date=2024-30-4T11:58:23-04:00",USA,TexasCst_water withdrawals,groundwater grade9,0,0,0,0,0,0,0,0,0,0,0,0,0,0,0,0,0.330996,0.361224,0.355366,0.349915,0.326865,km^3
"Reference,date=2024-30-4T11:58:23-04:00",USA,TexasCst_water withdrawals,runoff,23.2842,24.3553,24.37,24.3817,24.4309,25.438,25.5308,25.6224,25.6931,25.7958,25.9255,26.0669,26.1719,26.2696,26.3416,26.4175,26.4943,26.5758,26.6576,26.7435,26.836,km^3
"Reference,date=2024-30-4T11:58:23-04:00",USA,UsaColoRN_water withdrawals,groundwater grade10,0,0,0,0,0,0,0,0,0,0,0,0,0,0,0,0,0,0,0,0,0,km^3
"Reference,date=2024-30-4T11:58:23-04:00",USA,UsaColoRN_water withdrawals,groundwater grade11,0,0,0,0,0,0,0,0,0,0,0,0,0,0,0,0,0,0,0,0,0,km^3
"Reference,date=2024-30-4T11:58:23-04:00",USA,UsaColoRN_water withdrawals,groundwater grade12,0,0,0,0,0,0,0,0,0,0,0,0,0,0,0,0,0,0,0,0,0,km^3
"Reference,date=2024-30-4T11:58:23-04:00",USA,UsaColoRN_water withdrawals,groundwater grade13,0,0,0,0,0,0,0,0,0,0,0,0,0,0,0,0,0,0,0,0,0,km^3
"Reference,date=2024-30-4T11:58:23-04:00",USA,UsaColoRN_water withdrawals,groundwater grade14,0,0,0,0,0,0,0,0,0,0,0,0,0,0,0,0,0,0,0,0,0,km^3
"Reference,date=2024-30-4T11:58:23-04:00",USA,UsaColoRN_water withdrawals,groundwater grade15,0,0,0,0,0,0,0,0,0,0,0,0,0,0,0,0,0,0,0,0,0,km^3
"Reference,date=2024-30-4T11:58:23-04:00",USA,UsaColoRN_water withdrawals,groundwater grade16,0,0,0,0,0,0,0,0,0,0,0,0,0,0,0,0,0,0,0,0,0,km^3
"Reference,date=2024-30-4T11:58:23-04:00",USA,UsaColoRN_water withdrawals,groundwater grade17,0,0,0,0,0,0,0,0,0,0,0,0,0,0,0,0,0,0,0,0,0,km^3
"Reference,date=2024-30-4T11:58:23-04:00",USA,UsaColoRN_water withdrawals,groundwater grade18,0,0,0,0,0,0,0,0,0,0,0,0,0,0,0,0,0,0,0,0,0,km^3
"Reference,date=2024-30-4T11:58:23-04:00",USA,UsaColoRN_water withdrawals,groundwater grade19,0,0,0,0,0,0,0,0,0,0,0,0,0,0,0,0,0,0,0,0,0,km^3
"Reference,date=2024-30-4T11:58:23-04:00",USA,UsaColoRN_water withdrawals,groundwater grade2,0,0,0,0,0,0,0,0,0,0,0,0,0,0,0,0,0,0,0,0,0,km^3
"Reference,date=2024-30-4T11:58:23-04:00",USA,UsaColoRN_water withdrawals,groundwater grade20,0,0,0,0,0,0,0,0,0,0,0,0,0,0,0,0,0,0,0,0,0,km^3
"Reference,date=2024-30-4T11:58:23-04:00",USA,UsaColoRN_water withdrawals,groundwater grade3,0,0,0,0,0,0,0,0,0,0,0,0,0,0,0,0,0,0,0,0,0,km^3
"Reference,date=2024-30-4T11:58:23-04:00",USA,UsaColoRN_water withdrawals,groundwater grade4,0,0,0,0,0,0,0,0,0,0,0,0,0,0,0,0,0,0,0,0,0,km^3
"Reference,date=2024-30-4T11:58:23-04:00",USA,UsaColoRN_water withdrawals,groundwater grade5,0,0,0,0,0,0,0,0,0,0,0,0,0,0,0,0,0,0,0,0,0,km^3
"Reference,date=2024-30-4T11:58:23-04:00",USA,UsaColoRN_water withdrawals,groundwater grade6,0,0,0,0,0,0,0,0,0,0,0,0,0,0,0,0,0,0,0,0,0,km^3
"Reference,date=2024-30-4T11:58:23-04:00",USA,UsaColoRN_water withdrawals,groundwater grade7,0,0,0,0,0,0,0,0,0,0,0,0,0,0,0,0,0,0,0,0,0,km^3
"Reference,date=2024-30-4T11:58:23-04:00",USA,UsaColoRN_water withdrawals,groundwater grade8,0,0,0,0,0,0,0,0,0,0,0,0,0,0,0,0,0,0,0,0,0,km^3
"Reference,date=2024-30-4T11:58:23-04:00",USA,UsaColoRN_water withdrawals,groundwater grade9,0,0,0,0,0,0,0,0,0,0,0,0,0,0,0,0,0,0,0,0,0,km^3
"Reference,date=2024-30-4T11:58:23-04:00",USA,UsaColoRN_water withdrawals,runoff,1.7527,2.141,2.098,1.87672,1.80993,1.81353,1.80891,1.78539,1.75474,1.74819,1.74188,1.72329,1.69743,1.69864,1.69576,1.64944,1.66675,1.67366,1.67269,1.66615,1.65096,km^3
"Reference,date=2024-30-4T11:58:23-04:00",USA,UsaColoRS_water withdrawals,groundwater grade hist,0.256989,0.946805,0.568787,0.66858,0.104548,0,0,0,0,0,0,0,0,0,0,0,0,0,0,0,0,km^3
"Reference,date=2024-30-4T11:58:23-04:00",USA,UsaColoRS_water withdrawals,groundwater grade1,0,0,0,0,0.020058,0,0,0,0,0,0,0,0,0,0,0,0,0,0,0,0,km^3
"Reference,date=2024-30-4T11:58:23-04:00",USA,UsaColoRS_water withdrawals,groundwater grade10,0,0,0,0,0,0,0,0,0,0,0,0,0,0,0,0,0,0,0,0,0,km^3
"Reference,date=2024-30-4T11:58:23-04:00",USA,UsaColoRS_water withdrawals,groundwater grade11,0,0,0,0,0,0,0,0,0,0,0,0,0,0,0,0,0,0,0,0,0,km^3
"Reference,date=2024-30-4T11:58:23-04:00",USA,UsaColoRS_water withdrawals,groundwater grade12,0,0,0,0,0,0,0,0,0,0,0,0,0,0,0,0,0,0,0,0,0,km^3
"Reference,date=2024-30-4T11:58:23-04:00",USA,UsaColoRS_water withdrawals,groundwater grade13,0,0,0,0,0,0,0,0,0,0,0,0,0,0,0,0,0,0,0,0,0,km^3
"Reference,date=2024-30-4T11:58:23-04:00",USA,UsaColoRS_water withdrawals,groundwater grade14,0,0,0,0,0,0,0,0,0,0,0,0,0,0,0,0,0,0,0,0,0,km^3
"Reference,date=2024-30-4T11:58:23-04:00",USA,UsaColoRS_water withdrawals,groundwater grade15,0,0,0,0,0,0,0,0,0,0,0,0,0,0,0,0,0,0,0,0,0,km^3
"Reference,date=2024-30-4T11:58:23-04:00",USA,UsaColoRS_water withdrawals,groundwater grade16,0,0,0,0,0,0,0,0,0,0,0,0,0,0,0,0,0,0,0,0,0,km^3
"Reference,date=2024-30-4T11:58:23-04:00",USA,UsaColoRS_water withdrawals,groundwater grade17,0,0,0,0,0,0,0,0,0,0,0,0,0,0,0,0,0,0,0,0,0,km^3
"Reference,date=2024-30-4T11:58:23-04:00",USA,UsaColoRS_water withdrawals,groundwater grade18,0,0,0,0,0,0,0,0,0,0,0,0,0,0,0,0,0,0,0,0,0,km^3
"Reference,date=2024-30-4T11:58:23-04:00",USA,UsaColoRS_water withdrawals,groundwater grade19,0,0,0,0,0,0,0,0,0,0,0,0,0,0,0,0,0,0,0,0,0,km^3
"Reference,date=2024-30-4T11:58:23-04:00",USA,UsaColoRS_water withdrawals,groundwater grade2,0,0,0,0,0.421963,0.467198,0.323544,0,0,0,0,0,0,0,0,0,0,0,0,0,0,km^3
"Reference,date=2024-30-4T11:58:23-04:00",USA,UsaColoRS_water withdrawals,groundwater grade20,0,0,0,0,0,0,0,0,0,0,0,0,0,0,0,0,0,0,0,0,0,km^3
"Reference,date=2024-30-4T11:58:23-04:00",USA,UsaColoRS_water withdrawals,groundwater grade3,0,0,0,0,0,0.466794,1.03158,0.772737,0.838909,0.742509,0.844127,0.797409,0.850568,0.903047,0.875126,0.869662,0.694188,0,0,0,0,km^3
"Reference,date=2024-30-4T11:58:23-04:00",USA,UsaColoRS_water withdrawals,groundwater grade4,0,0,0,0,0,0,0,1.02216,1.41096,1.23976,1.38926,1.32954,1.43917,1.51055,1.47237,1.45628,1.56001,1.79299,1.79935,1.75373,1.69779,km^3
"Reference,date=2024-30-4T11:58:23-04:00",USA,UsaColoRS_water withdrawals,groundwater grade5,0,0,0,0,0,0,0,0,0.0367184,0.91805,1.01586,0.983332,1.07786,1.12033,1.09746,1.08108,1.15324,1.31861,1.3217,1.28364,1.23205,km^3
"Reference,date=2024-30-4T11:58:23-04:00",USA,UsaColoRS_water withdrawals,groundwater grade6,0,0,0,0,0,0,0,0,0,0,0.169659,0.541719,0.597918,0.618148,0.607194,0.596798,0.635155,0.724124,0.725336,0.703043,0.671496,km^3
"Reference,date=2024-30-4T11:58:23-04:00",USA,UsaColoRS_water withdrawals,groundwater grade7,0,0,0,0,0,0,0,0,0,0,0.0327187,0.318333,0.351868,0.363364,0.35713,0.350851,0.373218,0.425235,0.425886,0.412622,0.393696,km^3
"Reference,date=2024-30-4T11:58:23-04:00",USA,UsaColoRS_water withdrawals,groundwater grade8,0,0,0,0,0,0,0,0,0,0.0424902,0.170618,0.165176,0.181081,0.188195,0.184364,0.181603,0.193716,0.22148,0.221997,0.215594,0.20691,km^3
"Reference,date=2024-30-4T11:58:23-04:00",USA,UsaColoRS_water withdrawals,groundwater grade9,0,0,0,0,0,0,0,0,0,0,0,0,0,0.0064827,0.0991508,0.0977451,0.104352,0.119433,0.11974,0.11637,0.111878,km^3
"Reference,date=2024-30-4T11:58:23-04:00",USA,UsaColoRS_water withdrawals,runoff,5.96166,5.96248,5.96265,5.96284,5.96913,5.96999,5.97038,5.97071,5.97111,5.9715,5.97199,5.9724,5.97279,5.97325,5.97367,5.97411,5.9746,5.9752,5.97581,5.97642,5.97706,km^3
"Reference,date=2024-30-4T11:58:23-04:00",USA,UsaCstE_water withdrawals,groundwater grade hist,0,2.75823,1.61696,0,0,0,0,0,0,0,0,0,0,0,0,0,0,0,0,0,0,km^3
"Reference,date=2024-30-4T11:58:23-04:00",USA,UsaCstE_water withdrawals,groundwater grade10,0,0,0,0,0,0,0,0,0,0,0,0,0,0,0,0,0,0,0,0,0,km^3
"Reference,date=2024-30-4T11:58:23-04:00",USA,UsaCstE_water withdrawals,groundwater grade11,0,0,0,0,0,0,0,0,0,0,0,0,0,0,0,0,0,0,0,0,0,km^3
"Reference,date=2024-30-4T11:58:23-04:00",USA,UsaCstE_water withdrawals,groundwater grade12,0,0,0,0,0,0,0,0,0,0,0,0,0,0,0,0,0,0,0,0,0,km^3
"Reference,date=2024-30-4T11:58:23-04:00",USA,UsaCstE_water withdrawals,groundwater grade13,0,0,0,0,0,0,0,0,0,0,0,0,0,0,0,0,0,0,0,0,0,km^3
"Reference,date=2024-30-4T11:58:23-04:00",USA,UsaCstE_water withdrawals,groundwater grade14,0,0,0,0,0,0,0,0,0,0,0,0,0,0,0,0,0,0,0,0,0,km^3
"Reference,date=2024-30-4T11:58:23-04:00",USA,UsaCstE_water withdrawals,groundwater grade15,0,0,0,0,0,0,0,0,0,0,0,0,0,0,0,0,0,0,0,0,0,km^3
"Reference,date=2024-30-4T11:58:23-04:00",USA,UsaCstE_water withdrawals,groundwater grade16,0,0,0,0,0,0,0,0,0,0,0,0,0,0,0,0,0,0,0,0,0,km^3
"Reference,date=2024-30-4T11:58:23-04:00",USA,UsaCstE_water withdrawals,groundwater grade17,0,0,0,0,0,0,0,0,0,0,0,0,0,0,0,0,0,0,0,0,0,km^3
"Reference,date=2024-30-4T11:58:23-04:00",USA,UsaCstE_water withdrawals,groundwater grade18,0,0,0,0,0,0,0,0,0,0,0,0,0,0,0,0,0,0,0,0,0,km^3
"Reference,date=2024-30-4T11:58:23-04:00",USA,UsaCstE_water withdrawals,groundwater grade19,0,0,0,0,0,0,0,0,0,0,0,0,0,0,0,0,0,0,0,0,0,km^3
"Reference,date=2024-30-4T11:58:23-04:00",USA,UsaCstE_water withdrawals,groundwater grade2,0,0,0,0,0,0,0,0,0,0,0,0,0,0,0,0,0,0,0,0,0,km^3
"Reference,date=2024-30-4T11:58:23-04:00",USA,UsaCstE_water withdrawals,groundwater grade20,0,0,0,0,0,0,0,0,0,0,0,0,0,0,0,0,0,0,0,0,0,km^3
"Reference,date=2024-30-4T11:58:23-04:00",USA,UsaCstE_water withdrawals,groundwater grade3,0,0,0,0,0,0,0,0,0,0,0,0,0,0,0,0,0,0,0,0,0,km^3
"Reference,date=2024-30-4T11:58:23-04:00",USA,UsaCstE_water withdrawals,groundwater grade4,0,0,0,0,0,0,0,0,0,0,0,0,0,0,0,0,0,0,0,0,0,km^3
"Reference,date=2024-30-4T11:58:23-04:00",USA,UsaCstE_water withdrawals,groundwater grade5,0,0,0,0,0,0,0,0,0,0,0,0,0,0,0,0,0,0,0,0,0,km^3
"Reference,date=2024-30-4T11:58:23-04:00",USA,UsaCstE_water withdrawals,groundwater grade6,0,0,0,0,0,0,0,0,0,0,0,0,0,0,0,0,0,0,0,0,0,km^3
"Reference,date=2024-30-4T11:58:23-04:00",USA,UsaCstE_water withdrawals,groundwater grade7,0,0,0,0,0,0,0,0,0,0,0,0,0,0,0,0,0,0,0,0,0,km^3
"Reference,date=2024-30-4T11:58:23-04:00",USA,UsaCstE_water withdrawals,groundwater grade8,0,0,0,0,0,0,0,0,0,0,0,0,0,0,0,0,0,0,0,0,0,km^3
"Reference,date=2024-30-4T11:58:23-04:00",USA,UsaCstE_water withdrawals,groundwater grade9,0,0,0,0,0,0,0,0,0,0,0,0,0,0,0,0,0,0,0,0,0,km^3
"Reference,date=2024-30-4T11:58:23-04:00",USA,UsaCstE_water withdrawals,runoff,27.4734,30.4114,30.4593,28.1957,26.8664,26.4204,25.8413,24.8669,23.4915,21.8873,20.2469,18.8253,17.6771,17.0764,16.6893,15.7625,15.9217,15.9487,15.889,15.7789,15.6205,km^3
"Reference,date=2024-30-4T11:58:23-04:00",USA,UsaCstNE_water withdrawals,groundwater grade10,0,0,0,0,0,0,0,0,0,0,0,0,0,0,0,0,0,0,0,0,0,km^3
"Reference,date=2024-30-4T11:58:23-04:00",USA,UsaCstNE_water withdrawals,groundwater grade11,0,0,0,0,0,0,0,0,0,0,0,0,0,0,0,0,0,0,0,0,0,km^3
"Reference,date=2024-30-4T11:58:23-04:00",USA,UsaCstNE_water withdrawals,groundwater grade12,0,0,0,0,0,0,0,0,0,0,0,0,0,0,0,0,0,0,0,0,0,km^3
"Reference,date=2024-30-4T11:58:23-04:00",USA,UsaCstNE_water withdrawals,groundwater grade13,0,0,0,0,0,0,0,0,0,0,0,0,0,0,0,0,0,0,0,0,0,km^3
"Reference,date=2024-30-4T11:58:23-04:00",USA,UsaCstNE_water withdrawals,groundwater grade14,0,0,0,0,0,0,0,0,0,0,0,0,0,0,0,0,0,0,0,0,0,km^3
"Reference,date=2024-30-4T11:58:23-04:00",USA,UsaCstNE_water withdrawals,groundwater grade15,0,0,0,0,0,0,0,0,0,0,0,0,0,0,0,0,0,0,0,0,0,km^3
"Reference,date=2024-30-4T11:58:23-04:00",USA,UsaCstNE_water withdrawals,groundwater grade16,0,0,0,0,0,0,0,0,0,0,0,0,0,0,0,0,0,0,0,0,0,km^3
"Reference,date=2024-30-4T11:58:23-04:00",USA,UsaCstNE_water withdrawals,groundwater grade17,0,0,0,0,0,0,0,0,0,0,0,0,0,0,0,0,0,0,0,0,0,km^3
"Reference,date=2024-30-4T11:58:23-04:00",USA,UsaCstNE_water withdrawals,groundwater grade18,0,0,0,0,0,0,0,0,0,0,0,0,0,0,0,0,0,0,0,0,0,km^3
"Reference,date=2024-30-4T11:58:23-04:00",USA,UsaCstNE_water withdrawals,groundwater grade4,0,0,0,0,0,0,0,0,0,0,0,0,0,0,0,0,0,0,0,0,0,km^3
"Reference,date=2024-30-4T11:58:23-04:00",USA,UsaCstNE_water withdrawals,groundwater grade5,0,0,0,0,0,0,0,0,0,0,0,0,0,0,0,0,0,0,0,0,0,km^3
"Reference,date=2024-30-4T11:58:23-04:00",USA,UsaCstNE_water withdrawals,groundwater grade6,0,0,0,0,0,0,0,0,0,0,0,0,0,0,0,0,0,0,0,0,0,km^3
"Reference,date=2024-30-4T11:58:23-04:00",USA,UsaCstNE_water withdrawals,groundwater grade7,0,0,0,0,0,0,0,0,0,0,0,0,0,0,0,0,0,0,0,0,0,km^3
"Reference,date=2024-30-4T11:58:23-04:00",USA,UsaCstNE_water withdrawals,groundwater grade8,0,0,0,0,0,0,0,0,0,0,0,0,0,0,0,0,0,0,0,0,0,km^3
"Reference,date=2024-30-4T11:58:23-04:00",USA,UsaCstNE_water withdrawals,groundwater grade9,0,0,0,0,0,0,0,0,0,0,0,0,0,0,0,0,0,0,0,0,0,km^3
"Reference,date=2024-30-4T11:58:23-04:00",USA,UsaCstNE_water withdrawals,runoff,4.73762,5.4805,5.24393,4.79892,4.7208,4.74109,4.75822,4.72416,4.64609,4.54399,4.4298,4.3278,4.24941,4.22607,4.21578,4.13912,4.15993,4.16045,4.14716,4.12452,4.09103,km^3
"Reference,date=2024-30-4T11:58:23-04:00",USA,UsaCstSE_water withdrawals,groundwater grade hist,0,0.152736,0,0,0,0,0,0,0,0,0,0,0,0,0,0,0,0,0,0,0,km^3
"Reference,date=2024-30-4T11:58:23-04:00",USA,UsaCstSE_water withdrawals,groundwater grade10,0,0,0,0,0,0,0,0,0,0,0,0,0,0,0,0,0,0,0,0,0,km^3
"Reference,date=2024-30-4T11:58:23-04:00",USA,UsaCstSE_water withdrawals,groundwater grade11,0,0,0,0,0,0,0,0,0,0,0,0,0,0,0,0,0,0,0,0,0,km^3
"Reference,date=2024-30-4T11:58:23-04:00",USA,UsaCstSE_water withdrawals,groundwater grade12,0,0,0,0,0,0,0,0,0,0,0,0,0,0,0,0,0,0,0,0,0,km^3
"Reference,date=2024-30-4T11:58:23-04:00",USA,UsaCstSE_water withdrawals,groundwater grade13,0,0,0,0,0,0,0,0,0,0,0,0,0,0,0,0,0,0,0,0,0,km^3
"Reference,date=2024-30-4T11:58:23-04:00",USA,UsaCstSE_water withdrawals,groundwater grade14,0,0,0,0,0,0,0,0,0,0,0,0,0,0,0,0,0,0,0,0,0,km^3
"Reference,date=2024-30-4T11:58:23-04:00",USA,UsaCstSE_water withdrawals,groundwater grade15,0,0,0,0,0,0,0,0,0,0,0,0,0,0,0,0,0,0,0,0,0,km^3
"Reference,date=2024-30-4T11:58:23-04:00",USA,UsaCstSE_water withdrawals,groundwater grade16,0,0,0,0,0,0,0,0,0,0,0,0,0,0,0,0,0,0,0,0,0,km^3
"Reference,date=2024-30-4T11:58:23-04:00",USA,UsaCstSE_water withdrawals,groundwater grade17,0,0,0,0,0,0,0,0,0,0,0,0,0,0,0,0,0,0,0,0,0,km^3
"Reference,date=2024-30-4T11:58:23-04:00",USA,UsaCstSE_water withdrawals,groundwater grade18,0,0,0,0,0,0,0,0,0,0,0,0,0,0,0,0,0,0,0,0,0,km^3
"Reference,date=2024-30-4T11:58:23-04:00",USA,UsaCstSE_water withdrawals,groundwater grade19,0,0,0,0,0,0,0,0,0,0,0,0,0,0,0,0,0,0,0,0,0,km^3
"Reference,date=2024-30-4T11:58:23-04:00",USA,UsaCstSE_water withdrawals,groundwater grade2,0,0,0,0,0,0,0,0,0,0,0,0,0,0,0,0,0,0,0,0,0,km^3
"Reference,date=2024-30-4T11:58:23-04:00",USA,UsaCstSE_water withdrawals,groundwater grade20,0,0,0,0,0,0,0,0,0,0,0,0,0,0,0,0,0,0,0,0,0,km^3
"Reference,date=2024-30-4T11:58:23-04:00",USA,UsaCstSE_water withdrawals,groundwater grade3,0,0,0,0,0,0,0,0,0,0,0,0,0,0,0,0,0,0,0,0,0,km^3
"Reference,date=2024-30-4T11:58:23-04:00",USA,UsaCstSE_water withdrawals,groundwater grade4,0,0,0,0,0,0,0,0,0,0,0,0,0,0,0,0,0,0,0,0,0,km^3
"Reference,date=2024-30-4T11:58:23-04:00",USA,UsaCstSE_water withdrawals,groundwater grade5,0,0,0,0,0,0,0,0,0,0,0,0,0,0,0,0,0,0,0,0,0,km^3
"Reference,date=2024-30-4T11:58:23-04:00",USA,UsaCstSE_water withdrawals,groundwater grade6,0,0,0,0,0,0,0,0,0,0,0,0,0,0,0,0,0,0,0,0,0,km^3
"Reference,date=2024-30-4T11:58:23-04:00",USA,UsaCstSE_water withdrawals,groundwater grade7,0,0,0,0,0,0,0,0,0,0,0,0,0,0,0,0,0,0,0,0,0,km^3
"Reference,date=2024-30-4T11:58:23-04:00",USA,UsaCstSE_water withdrawals,groundwater grade8,0,0,0,0,0,0,0,0,0,0,0,0,0,0,0,0,0,0,0,0,0,km^3
"Reference,date=2024-30-4T11:58:23-04:00",USA,UsaCstSE_water withdrawals,groundwater grade9,0,0,0,0,0,0,0,0,0,0,0,0,0,0,0,0,0,0,0,0,0,km^3
"Reference,date=2024-30-4T11:58:23-04:00",USA,UsaCstSE_water withdrawals,runoff,49.5219,60.3679,58.6002,51.4416,48.9635,48.2529,47.2627,45.5101,43.0066,40.1333,37.2082,34.6197,32.5209,31.4939,30.8709,29.1952,29.6812,29.8991,29.9265,29.8373,29.6309,km^3
"Reference,date=2024-30-4T11:58:23-04:00",USA,UsaPacNW_water withdrawals,groundwater grade10,0,0,0,0,0,0,0,0,0,0,0,0,0,0,0,0,0,0,0,0,0,km^3
"Reference,date=2024-30-4T11:58:23-04:00",USA,UsaPacNW_water withdrawals,groundwater grade11,0,0,0,0,0,0,0,0,0,0,0,0,0,0,0,0,0,0,0,0,0,km^3
"Reference,date=2024-30-4T11:58:23-04:00",USA,UsaPacNW_water withdrawals,groundwater grade12,0,0,0,0,0,0,0,0,0,0,0,0,0,0,0,0,0,0,0,0,0,km^3
"Reference,date=2024-30-4T11:58:23-04:00",USA,UsaPacNW_water withdrawals,groundwater grade13,0,0,0,0,0,0,0,0,0,0,0,0,0,0,0,0,0,0,0,0,0,km^3
"Reference,date=2024-30-4T11:58:23-04:00",USA,UsaPacNW_water withdrawals,groundwater grade14,0,0,0,0,0,0,0,0,0,0,0,0,0,0,0,0,0,0,0,0,0,km^3
"Reference,date=2024-30-4T11:58:23-04:00",USA,UsaPacNW_water withdrawals,groundwater grade15,0,0,0,0,0,0,0,0,0,0,0,0,0,0,0,0,0,0,0,0,0,km^3
"Reference,date=2024-30-4T11:58:23-04:00",USA,UsaPacNW_water withdrawals,groundwater grade16,0,0,0,0,0,0,0,0,0,0,0,0,0,0,0,0,0,0,0,0,0,km^3
"Reference,date=2024-30-4T11:58:23-04:00",USA,UsaPacNW_water withdrawals,groundwater grade17,0,0,0,0,0,0,0,0,0,0,0,0,0,0,0,0,0,0,0,0,0,km^3
"Reference,date=2024-30-4T11:58:23-04:00",USA,UsaPacNW_water withdrawals,groundwater grade18,0,0,0,0,0,0,0,0,0,0,0,0,0,0,0,0,0,0,0,0,0,km^3
"Reference,date=2024-30-4T11:58:23-04:00",USA,UsaPacNW_water withdrawals,groundwater grade19,0,0,0,0,0,0,0,0,0,0,0,0,0,0,0,0,0,0,0,0,0,km^3
"Reference,date=2024-30-4T11:58:23-04:00",USA,UsaPacNW_water withdrawals,groundwater grade2,0,0,0,0,0,0,0,0,0,0,0,0,0,0,0,0,0,0,0,0,0,km^3
"Reference,date=2024-30-4T11:58:23-04:00",USA,UsaPacNW_water withdrawals,groundwater grade20,0,0,0,0,0,0,0,0,0,0,0,0,0,0,0,0,0,0,0,0,0,km^3
"Reference,date=2024-30-4T11:58:23-04:00",USA,UsaPacNW_water withdrawals,groundwater grade3,0,0,0,0,0,0,0,0,0,0,0,0,0,0,0,0,0,0,0,0,0,km^3
"Reference,date=2024-30-4T11:58:23-04:00",USA,UsaPacNW_water withdrawals,groundwater grade4,0,0,0,0,0,0,0,0,0,0,0,0,0,0,0,0,0,0,0,0,0,km^3
"Reference,date=2024-30-4T11:58:23-04:00",USA,UsaPacNW_water withdrawals,groundwater grade5,0,0,0,0,0,0,0,0,0,0,0,0,0,0,0,0,0,0,0,0,0,km^3
"Reference,date=2024-30-4T11:58:23-04:00",USA,UsaPacNW_water withdrawals,groundwater grade6,0,0,0,0,0,0,0,0,0,0,0,0,0,0,0,0,0,0,0,0,0,km^3
"Reference,date=2024-30-4T11:58:23-04:00",USA,UsaPacNW_water withdrawals,groundwater grade7,0,0,0,0,0,0,0,0,0,0,0,0,0,0,0,0,0,0,0,0,0,km^3
"Reference,date=2024-30-4T11:58:23-04:00",USA,UsaPacNW_water withdrawals,groundwater grade8,0,0,0,0,0,0,0,0,0,0,0,0,0,0,0,0,0,0,0,0,0,km^3
"Reference,date=2024-30-4T11:58:23-04:00",USA,UsaPacNW_water withdrawals,groundwater grade9,0,0,0,0,0,0,0,0,0,0,0,0,0,0,0,0,0,0,0,0,0,km^3
"Reference,date=2024-30-4T11:58:23-04:00",USA,UsaPacNW_water withdrawals,runoff,17.657,17.9678,17.6466,17.2547,17.8869,18.6442,19.4438,20.3074,21.321,22.6856,24.0162,25.1311,25.9778,26.7314,27.2642,27.661,27.9711,28.2051,28.3623,28.4449,28.4091,km^3
